e;main;0;0.000102621;LLC_MISSES;0.00438169
e;main;0;0.00146512;PAPI_L1_DCM;0.00168162
e;main;0;0.00282763;PAPI_TOT_CYC;0.00282699
e;main;0;0.00555263;LLC_MISSES;0.00801335
e;main;0;0.00691511;PAPI_L1_DCM;0.00770158
e;main;0;0.00827761;PAPI_TOT_CYC;0.00827863
e;main;0;0.0110026;LLC_MISSES;0.0099025
e;main;0;0.0123651;PAPI_L1_DCM;0.0137044
e;main;0;0.0137276;PAPI_TOT_CYC;0.0137302
e;main;0;0.0164526;LLC_MISSES;0.0129702
e;main;0;0.017815;PAPI_L1_DCM;0.0197117
e;main;0;0.0191775;PAPI_TOT_CYC;0.0191819
e;main;0;0.0219025;LLC_MISSES;0.0149891
e;main;0;0.023265;PAPI_L1_DCM;0.0254928
e;main;0;0.0246275;PAPI_TOT_CYC;0.0246335
e;main;0;0.0273527;LLC_MISSES;0.0163199
e;main;0;0.0287152;PAPI_L1_DCM;0.0315014
e;main;0;0.0300777;PAPI_TOT_CYC;0.0300854
e;main;0;0.0328027;LLC_MISSES;0.0181922
e;main;0;0.0341652;PAPI_L1_DCM;0.0373051
e;main;0;0.0355277;PAPI_TOT_CYC;0.035537
e;main;0;0.0382526;LLC_MISSES;0.0193933
e;main;0;0.0396151;PAPI_L1_DCM;0.0433374
e;main;0;0.0409776;PAPI_TOT_CYC;0.0409885
e;main;0;0.0437025;LLC_MISSES;0.0204535
e;main;0;0.045065;PAPI_L1_DCM;0.0492143
e;main;0;0.0464275;PAPI_TOT_CYC;0.04644
e;main;0;0.0491525;LLC_MISSES;0.0212374
e;main;0;0.0505149;PAPI_L1_DCM;0.0552087
e;main;0;0.0518774;PAPI_TOT_CYC;0.0518916
e;main;0;0.0546024;LLC_MISSES;0.0248352
e;main;0;0.0559649;PAPI_L1_DCM;0.0600981
e;main;0;0.0573274;PAPI_TOT_CYC;0.0573411
e;main;0;0.0600524;LLC_MISSES;0.03542
e;main;0;0.0614149;PAPI_L1_DCM;0.064724
e;main;0;0.0627774;PAPI_TOT_CYC;0.0627924
e;main;0;0.0655024;LLC_MISSES;0.037281
e;main;0;0.0668649;PAPI_L1_DCM;0.0692634
e;main;0;0.0682274;PAPI_TOT_CYC;0.0682438
e;main;0;0.0709523;LLC_MISSES;0.0399201
e;main;0;0.0723148;PAPI_L1_DCM;0.0737378
e;main;0;0.0736773;PAPI_TOT_CYC;0.0736952
e;main;0;0.0764023;LLC_MISSES;0.0425762
e;main;0;0.0777648;PAPI_L1_DCM;0.0784218
e;main;0;0.0791274;PAPI_TOT_CYC;0.0791462
e;main;0;0.0818523;LLC_MISSES;0.04508
e;main;0;0.0832148;PAPI_L1_DCM;0.0830867
e;main;0;0.0845773;PAPI_TOT_CYC;0.0845976
e;main;0;0.0873023;LLC_MISSES;0.0485933
e;main;0;0.0886648;PAPI_L1_DCM;0.0876469
e;main;0;0.0900273;PAPI_TOT_CYC;0.0900491
e;main;0;0.0927523;LLC_MISSES;0.0538942
e;main;0;0.0941148;PAPI_L1_DCM;0.092425
e;main;0;0.0954773;PAPI_TOT_CYC;0.0955006
e;main;0;0.0982023;LLC_MISSES;0.0560878
e;main;0;0.0995648;PAPI_L1_DCM;0.0969923
e;main;0;0.100927;PAPI_TOT_CYC;0.100952
e;main;0;0.103652;LLC_MISSES;0.0577683
e;main;0;0.105015;PAPI_L1_DCM;0.101526
e;main;0;0.106377;PAPI_TOT_CYC;0.106404
e;main;0;0.109102;LLC_MISSES;0.0609771
e;main;0;0.110465;PAPI_L1_DCM;0.106236
e;main;0;0.111827;PAPI_TOT_CYC;0.111855
e;main;0;0.114552;LLC_MISSES;0.0627872
e;main;0;0.115915;PAPI_L1_DCM;0.110857
e;main;0;0.117277;PAPI_TOT_CYC;0.117307
e;main;0;0.120002;LLC_MISSES;0.0676426
e;main;0;0.121365;PAPI_L1_DCM;0.115771
e;main;0;0.122728;PAPI_TOT_CYC;0.122758
e;main;0;0.125453;LLC_MISSES;0.0727349
e;main;0;0.126815;PAPI_L1_DCM;0.120389
e;main;0;0.128178;PAPI_TOT_CYC;0.128209
e;main;0;0.130903;LLC_MISSES;0.0738402
e;main;0;0.132265;PAPI_L1_DCM;0.125055
e;main;0;0.133628;PAPI_TOT_CYC;0.133661
e;main;0;0.136353;LLC_MISSES;0.0757519
e;main;0;0.137715;PAPI_L1_DCM;0.129587
e;main;0;0.139078;PAPI_TOT_CYC;0.139112
e;main;0;0.141803;LLC_MISSES;0.0772519
e;main;0;0.143165;PAPI_L1_DCM;0.134369
e;main;0;0.144528;PAPI_TOT_CYC;0.144564
e;main;0;0.147253;LLC_MISSES;0.0791636
e;main;0;0.148615;PAPI_L1_DCM;0.139513
e;main;0;0.149978;PAPI_TOT_CYC;0.150015
e;main;0;0.152703;LLC_MISSES;0.0796429
e;main;0;0.154065;PAPI_L1_DCM;0.145011
e;main;0;0.155428;PAPI_TOT_CYC;0.155466
e;main;0;0.158153;LLC_MISSES;0.172098
e;main;0;0.159515;PAPI_L1_DCM;0.151056
e;main;0;0.160878;PAPI_TOT_CYC;0.160918
e;main;0;0.163603;LLC_MISSES;0.17432
e;main;0;0.164965;PAPI_L1_DCM;0.157193
e;main;0;0.166328;PAPI_TOT_CYC;0.16637
e;main;0;0.169053;LLC_MISSES;0.175984
e;main;0;0.170415;PAPI_L1_DCM;0.163314
e;main;0;0.171778;PAPI_TOT_CYC;0.171822
e;main;0;0.174503;LLC_MISSES;0.177303
e;main;0;0.175865;PAPI_L1_DCM;0.16953
e;main;0;0.177228;PAPI_TOT_CYC;0.177273
e;main;0;0.179953;LLC_MISSES;0.179198
e;main;0;0.181315;PAPI_L1_DCM;0.175571
e;main;0;0.182678;PAPI_TOT_CYC;0.182725
e;main;0;0.185403;LLC_MISSES;0.181865
e;main;0;0.186765;PAPI_L1_DCM;0.181418
e;main;0;0.188128;PAPI_TOT_CYC;0.188177
e;main;0;0.190853;LLC_MISSES;0.183275
e;main;0;0.192215;PAPI_L1_DCM;0.187519
e;main;0;0.193578;PAPI_TOT_CYC;0.193626
e;main;0;0.196303;LLC_MISSES;0.18482
e;main;0;0.197665;PAPI_L1_DCM;0.193653
e;main;0;0.199028;PAPI_TOT_CYC;0.199078
e;main;0;0.201753;LLC_MISSES;0.186935
e;main;0;0.203115;PAPI_L1_DCM;0.199502
e;main;0;0.204478;PAPI_TOT_CYC;0.20453
e;main;0;0.207203;LLC_MISSES;0.189151
e;main;0;0.208565;PAPI_L1_DCM;0.205636
e;main;0;0.209928;PAPI_TOT_CYC;0.209982
e;main;0;0.212653;LLC_MISSES;0.190025
e;main;0;0.214015;PAPI_L1_DCM;0.211803
e;main;0;0.215378;PAPI_TOT_CYC;0.215433
e;main;0;0.218103;LLC_MISSES;0.190843
e;main;0;0.219466;PAPI_L1_DCM;0.217843
e;main;0;0.220828;PAPI_TOT_CYC;0.220885
e;main;0;0.223553;LLC_MISSES;0.191711
e;main;0;0.224916;PAPI_L1_DCM;0.223953
e;main;0;0.226278;PAPI_TOT_CYC;0.226337
e;main;0;0.229003;LLC_MISSES;0.195907
e;main;0;0.230366;PAPI_L1_DCM;0.229441
e;main;0;0.231728;PAPI_TOT_CYC;0.231788
e;main;0;0.234453;LLC_MISSES;0.200244
e;main;0;0.235816;PAPI_L1_DCM;0.234733
e;main;0;0.237178;PAPI_TOT_CYC;0.23724
e;main;0;0.239903;LLC_MISSES;0.203086
e;main;0;0.241266;PAPI_L1_DCM;0.239682
e;main;0;0.242628;PAPI_TOT_CYC;0.242691
e;main;0;0.245353;LLC_MISSES;0.205601
e;main;0;0.246716;PAPI_L1_DCM;0.244669
e;main;0;0.248078;PAPI_TOT_CYC;0.248143
e;main;0;0.250803;LLC_MISSES;0.206103
e;main;0;0.252166;PAPI_L1_DCM;0.249646
e;main;0;0.253528;PAPI_TOT_CYC;0.253594
e;main;0;0.256253;LLC_MISSES;0.207112
e;main;0;0.257616;PAPI_L1_DCM;0.254584
e;main;0;0.258978;PAPI_TOT_CYC;0.259046
e;main;0;0.261703;LLC_MISSES;0.210648
e;main;0;0.263066;PAPI_L1_DCM;0.259743
e;main;0;0.264428;PAPI_TOT_CYC;0.264497
e;main;0;0.267153;LLC_MISSES;0.212498
e;main;0;0.268516;PAPI_L1_DCM;0.264926
e;main;0;0.269878;PAPI_TOT_CYC;0.269949
e;main;0;0.272603;LLC_MISSES;0.21728
e;main;0;0.273966;PAPI_L1_DCM;0.270027
e;main;0;0.275328;PAPI_TOT_CYC;0.2754
e;main;0;0.278053;LLC_MISSES;0.221836
e;main;0;0.279416;PAPI_L1_DCM;0.275296
e;main;0;0.280778;PAPI_TOT_CYC;0.280852
e;main;0;0.283503;LLC_MISSES;0.223669
e;main;0;0.284866;PAPI_L1_DCM;0.280057
e;main;0;0.286228;PAPI_TOT_CYC;0.286303
e;main;0;0.288953;LLC_MISSES;0.224667
e;main;0;0.290316;PAPI_L1_DCM;0.284839
e;main;0;0.291678;PAPI_TOT_CYC;0.291755
e;main;0;0.294403;LLC_MISSES;0.225271
e;main;0;0.295766;PAPI_L1_DCM;0.289722
e;main;0;0.297128;PAPI_TOT_CYC;0.297207
e;main;0;0.299853;LLC_MISSES;0.225795
e;main;0;0.301216;PAPI_L1_DCM;0.294856
e;main;0;0.302578;PAPI_TOT_CYC;0.302658
e;main;0;0.305303;LLC_MISSES;0.22893
e;main;0;0.306666;PAPI_L1_DCM;0.300202
e;main;0;0.308029;PAPI_TOT_CYC;0.30811
e;main;0;0.310754;LLC_MISSES;0.231744
e;main;0;0.312116;PAPI_L1_DCM;0.305466
e;main;0;0.313479;PAPI_TOT_CYC;0.313562
e;main;0;0.316204;LLC_MISSES;0.23369
e;main;0;0.317566;PAPI_L1_DCM;0.310406
e;main;0;0.318929;PAPI_TOT_CYC;0.319013
e;main;0;0.321654;LLC_MISSES;0.234468
e;main;0;0.323016;PAPI_L1_DCM;0.315287
e;main;0;0.324379;PAPI_TOT_CYC;0.324465
e;main;0;0.327104;LLC_MISSES;0.23559
e;main;0;0.328466;PAPI_L1_DCM;0.32013
e;main;0;0.329829;PAPI_TOT_CYC;0.329915
e;main;0;0.332554;LLC_MISSES;0.236921
e;main;0;0.333916;PAPI_L1_DCM;0.325323
e;main;0;0.335279;PAPI_TOT_CYC;0.335366
e;main;0;0.338004;LLC_MISSES;0.238072
e;main;0;0.339366;PAPI_L1_DCM;0.330761
e;main;0;0.340729;PAPI_TOT_CYC;0.340818
e;main;0;0.343453;LLC_MISSES;0.240068
e;main;0;0.344816;PAPI_L1_DCM;0.336432
e;main;0;0.346178;PAPI_TOT_CYC;0.34627
e;main;0;0.348903;LLC_MISSES;0.240666
e;main;0;0.350266;PAPI_L1_DCM;0.342345
e;main;0;0.351629;PAPI_TOT_CYC;0.351721
e;main;0;0.354354;LLC_MISSES;0.24216
e;main;0;0.355716;PAPI_L1_DCM;0.348524
e;main;0;0.357079;PAPI_TOT_CYC;0.357053
e;main;0;0.359804;LLC_MISSES;0.338298
e;main;0;0.361166;PAPI_L1_DCM;0.354649
e;main;0;0.362529;PAPI_TOT_CYC;0.362505
e;main;0;0.365254;LLC_MISSES;0.340153
e;main;0;0.366616;PAPI_L1_DCM;0.360605
e;main;0;0.367979;PAPI_TOT_CYC;0.367956
e;main;0;0.370704;LLC_MISSES;0.341766
e;main;0;0.372066;PAPI_L1_DCM;0.366652
e;main;0;0.373429;PAPI_TOT_CYC;0.373408
e;main;0;0.376154;LLC_MISSES;0.343052
e;main;0;0.377516;PAPI_L1_DCM;0.372459
e;main;0;0.378879;PAPI_TOT_CYC;0.378859
e;main;0;0.381604;LLC_MISSES;0.343982
e;main;0;0.382966;PAPI_L1_DCM;0.378538
e;main;0;0.384329;PAPI_TOT_CYC;0.384311
e;main;0;0.387054;LLC_MISSES;0.345578
e;main;0;0.388416;PAPI_L1_DCM;0.384498
e;main;0;0.389779;PAPI_TOT_CYC;0.389763
e;main;0;0.392504;LLC_MISSES;0.347174
e;main;0;0.393866;PAPI_L1_DCM;0.390429
e;main;0;0.395229;PAPI_TOT_CYC;0.395214
e;main;0;0.397954;LLC_MISSES;0.348945
e;main;0;0.399316;PAPI_L1_DCM;0.396387
e;main;0;0.400679;PAPI_TOT_CYC;0.400666
e;main;0;0.403404;LLC_MISSES;0.349243
e;main;0;0.404767;PAPI_L1_DCM;0.402428
e;main;0;0.406129;PAPI_TOT_CYC;0.406117
e;main;0;0.408854;LLC_MISSES;0.3519
e;main;0;0.410216;PAPI_L1_DCM;0.407731
e;main;0;0.411579;PAPI_TOT_CYC;0.411569
e;main;0;0.414304;LLC_MISSES;0.358729
e;main;0;0.415666;PAPI_L1_DCM;0.412467
e;main;0;0.417029;PAPI_TOT_CYC;0.41702
e;main;0;0.419754;LLC_MISSES;0.36249
e;main;0;0.421116;PAPI_L1_DCM;0.417065
e;main;0;0.422479;PAPI_TOT_CYC;0.422472
e;main;0;0.425204;LLC_MISSES;0.365998
e;main;0;0.426567;PAPI_L1_DCM;0.421578
e;main;0;0.427929;PAPI_TOT_CYC;0.427923
e;main;0;0.430654;LLC_MISSES;0.366759
e;main;0;0.432017;PAPI_L1_DCM;0.426271
e;main;0;0.433379;PAPI_TOT_CYC;0.433374
e;main;0;0.436104;LLC_MISSES;0.369438
e;main;0;0.437467;PAPI_L1_DCM;0.431028
e;main;0;0.438829;PAPI_TOT_CYC;0.438813
e;main;0;0.441554;LLC_MISSES;0.372122
e;main;0;0.442917;PAPI_L1_DCM;0.435653
e;main;0;0.444279;PAPI_TOT_CYC;0.444265
e;main;0;0.447004;LLC_MISSES;0.378765
e;main;0;0.448367;PAPI_L1_DCM;0.44035
e;main;0;0.449729;PAPI_TOT_CYC;0.449716
e;main;0;0.452455;LLC_MISSES;0.38269
e;main;0;0.453817;PAPI_L1_DCM;0.445126
e;main;0;0.45518;PAPI_TOT_CYC;0.455168
e;main;0;0.457905;LLC_MISSES;0.384331
e;main;0;0.459267;PAPI_L1_DCM;0.449628
e;main;0;0.46063;PAPI_TOT_CYC;0.460619
e;main;0;0.463355;LLC_MISSES;0.385966
e;main;0;0.464717;PAPI_L1_DCM;0.454231
e;main;0;0.46608;PAPI_TOT_CYC;0.46607
e;main;0;0.468805;LLC_MISSES;0.38675
e;main;0;0.470167;PAPI_L1_DCM;0.459039
e;main;0;0.47153;PAPI_TOT_CYC;0.471521
e;main;0;0.474255;LLC_MISSES;0.391493
e;main;0;0.475617;PAPI_L1_DCM;0.463967
e;main;0;0.47698;PAPI_TOT_CYC;0.476973
e;main;0;0.479705;LLC_MISSES;0.395265
e;main;0;0.481067;PAPI_L1_DCM;0.468787
e;main;0;0.48243;PAPI_TOT_CYC;0.482424
e;main;0;0.485155;LLC_MISSES;0.396579
e;main;0;0.486518;PAPI_L1_DCM;0.473378
e;main;0;0.48788;PAPI_TOT_CYC;0.487876
e;main;0;0.490605;LLC_MISSES;0.397651
e;main;0;0.491968;PAPI_L1_DCM;0.477993
e;main;0;0.493331;PAPI_TOT_CYC;0.493327
e;main;0;0.496056;LLC_MISSES;0.399044
e;main;0;0.497418;PAPI_L1_DCM;0.482844
e;main;0;0.498781;PAPI_TOT_CYC;0.498779
e;main;0;0.501506;LLC_MISSES;0.401378
e;main;0;0.502868;PAPI_L1_DCM;0.487927
e;main;0;0.504231;PAPI_TOT_CYC;0.50423
e;main;0;0.506956;LLC_MISSES;0.401626
e;main;0;0.508318;PAPI_L1_DCM;0.493356
e;main;0;0.509681;PAPI_TOT_CYC;0.509682
e;main;0;0.512406;LLC_MISSES;0.401874
e;main;0;0.513768;PAPI_L1_DCM;0.499276
e;main;0;0.515131;PAPI_TOT_CYC;0.515134
e;main;0;0.517856;LLC_MISSES;0.502084
e;main;0;0.519218;PAPI_L1_DCM;0.505794
e;main;0;0.520581;PAPI_TOT_CYC;0.520585
e;main;0;0.523306;LLC_MISSES;0.503674
e;main;0;0.524668;PAPI_L1_DCM;0.51222
e;main;0;0.526031;PAPI_TOT_CYC;0.526037
e;main;0;0.528756;LLC_MISSES;0.506026
e;main;0;0.530118;PAPI_L1_DCM;0.518737
e;main;0;0.531481;PAPI_TOT_CYC;0.531489
e;main;0;0.534206;LLC_MISSES;0.509291
e;main;0;0.535568;PAPI_L1_DCM;0.524974
e;main;0;0.536931;PAPI_TOT_CYC;0.53694
e;main;0;0.539656;LLC_MISSES;0.510328
e;main;0;0.541018;PAPI_L1_DCM;0.531443
e;main;0;0.542381;PAPI_TOT_CYC;0.542392
e;main;0;0.545106;LLC_MISSES;0.51268
e;main;0;0.546468;PAPI_L1_DCM;0.537767
e;main;0;0.547831;PAPI_TOT_CYC;0.547844
e;main;0;0.550556;LLC_MISSES;0.514185
e;main;0;0.551918;PAPI_L1_DCM;0.544202
e;main;0;0.553281;PAPI_TOT_CYC;0.553295
e;main;0;0.556006;LLC_MISSES;0.514913
e;main;0;0.557368;PAPI_L1_DCM;0.550587
e;main;0;0.558731;PAPI_TOT_CYC;0.558747
e;main;0;0.561456;LLC_MISSES;0.519058
e;main;0;0.562818;PAPI_L1_DCM;0.556536
e;main;0;0.564181;PAPI_TOT_CYC;0.564199
e;main;0;0.566906;LLC_MISSES;0.525943
e;main;0;0.568268;PAPI_L1_DCM;0.561483
e;main;0;0.569631;PAPI_TOT_CYC;0.56965
e;main;0;0.572356;LLC_MISSES;0.529744
e;main;0;0.573718;PAPI_L1_DCM;0.566305
e;main;0;0.575081;PAPI_TOT_CYC;0.575102
e;main;0;0.577806;LLC_MISSES;0.531904
e;main;0;0.579168;PAPI_L1_DCM;0.570941
e;main;0;0.580531;PAPI_TOT_CYC;0.580553
e;main;0;0.583256;LLC_MISSES;0.533449
e;main;0;0.584618;PAPI_L1_DCM;0.575785
e;main;0;0.585981;PAPI_TOT_CYC;0.586005
e;main;0;0.588706;LLC_MISSES;0.536427
e;main;0;0.590069;PAPI_L1_DCM;0.580728
e;main;0;0.591431;PAPI_TOT_CYC;0.591456
e;main;0;0.594156;LLC_MISSES;0.539596
e;main;0;0.595519;PAPI_L1_DCM;0.585479
e;main;0;0.596881;PAPI_TOT_CYC;0.596908
e;main;0;0.599606;LLC_MISSES;0.546047
e;main;0;0.600969;PAPI_L1_DCM;0.590381
e;main;0;0.602331;PAPI_TOT_CYC;0.602358
e;main;0;0.605056;LLC_MISSES;0.549854
e;main;0;0.606419;PAPI_L1_DCM;0.595283
e;main;0;0.607781;PAPI_TOT_CYC;0.607809
e;main;0;0.610506;LLC_MISSES;0.551201
e;main;0;0.611868;PAPI_L1_DCM;0.599949
e;main;0;0.613231;PAPI_TOT_CYC;0.61326
e;main;0;0.615956;LLC_MISSES;0.552171
e;main;0;0.617318;PAPI_L1_DCM;0.604888
e;main;0;0.618681;PAPI_TOT_CYC;0.618712
e;main;0;0.621406;LLC_MISSES;0.553299
e;main;0;0.622768;PAPI_L1_DCM;0.609789
e;main;0;0.624131;PAPI_TOT_CYC;0.624163
e;main;0;0.626856;LLC_MISSES;0.557517
e;main;0;0.628218;PAPI_L1_DCM;0.614934
e;main;0;0.629581;PAPI_TOT_CYC;0.629615
e;main;0;0.632306;LLC_MISSES;0.560162
e;main;0;0.633668;PAPI_L1_DCM;0.619813
e;main;0;0.635031;PAPI_TOT_CYC;0.635066
e;main;0;0.637756;LLC_MISSES;0.561081
e;main;0;0.639118;PAPI_L1_DCM;0.624658
e;main;0;0.640481;PAPI_TOT_CYC;0.640518
e;main;0;0.643206;LLC_MISSES;0.562987
e;main;0;0.644568;PAPI_L1_DCM;0.629463
e;main;0;0.645931;PAPI_TOT_CYC;0.645969
e;main;0;0.648656;LLC_MISSES;0.564487
e;main;0;0.650018;PAPI_L1_DCM;0.634508
e;main;0;0.651381;PAPI_TOT_CYC;0.651421
e;main;0;0.654106;LLC_MISSES;0.564792
e;main;0;0.655468;PAPI_L1_DCM;0.640051
e;main;0;0.656831;PAPI_TOT_CYC;0.656872
e;main;0;0.659556;LLC_MISSES;0.565232
e;main;0;0.660918;PAPI_L1_DCM;0.645932
e;main;0;0.662281;PAPI_TOT_CYC;0.662324
e;main;0;0.665006;LLC_MISSES;0.661573
e;main;0;0.666368;PAPI_L1_DCM;0.652522
e;main;0;0.667731;PAPI_TOT_CYC;0.667775
e;main;0;0.670456;LLC_MISSES;0.665176
e;main;0;0.671819;PAPI_L1_DCM;0.658904
e;main;0;0.673181;PAPI_TOT_CYC;0.673226
e;main;0;0.675906;LLC_MISSES;0.666857
e;main;0;0.677269;PAPI_L1_DCM;0.665403
e;main;0;0.678631;PAPI_TOT_CYC;0.678678
e;main;0;0.681356;LLC_MISSES;0.669129
e;main;0;0.682719;PAPI_L1_DCM;0.671889
e;main;0;0.684081;PAPI_TOT_CYC;0.68413
e;main;0;0.686806;LLC_MISSES;0.671706
e;main;0;0.688169;PAPI_L1_DCM;0.67815
e;main;0;0.689531;PAPI_TOT_CYC;0.689581
e;main;0;0.692256;LLC_MISSES;0.67368
e;main;0;0.693619;PAPI_L1_DCM;0.684468
e;main;0;0.694981;PAPI_TOT_CYC;0.695033
e;main;0;0.697706;LLC_MISSES;0.675095
e;main;0;0.699069;PAPI_L1_DCM;0.690927
e;main;0;0.700431;PAPI_TOT_CYC;0.700485
e;main;0;0.703156;LLC_MISSES;0.677402
e;main;0;0.704519;PAPI_L1_DCM;0.697217
e;main;0;0.705881;PAPI_TOT_CYC;0.705936
e;main;0;0.708606;LLC_MISSES;0.67924
e;main;0;0.709969;PAPI_L1_DCM;0.703543
e;main;0;0.711331;PAPI_TOT_CYC;0.711388
e;main;0;0.714056;LLC_MISSES;0.680413
e;main;0;0.715419;PAPI_L1_DCM;0.71006
e;main;0;0.716781;PAPI_TOT_CYC;0.716839
e;main;0;0.719506;LLC_MISSES;0.681022
e;main;0;0.720869;PAPI_L1_DCM;0.716408
e;main;0;0.722231;PAPI_TOT_CYC;0.722291
e;main;0;0.724956;LLC_MISSES;0.681626
e;main;0;0.726319;PAPI_L1_DCM;0.722896
e;main;0;0.727681;PAPI_TOT_CYC;0.727743
e;main;0;0.730406;LLC_MISSES;0.685252
e;main;0;0.731769;PAPI_L1_DCM;0.728672
e;main;0;0.733131;PAPI_TOT_CYC;0.733194
e;main;0;0.735856;LLC_MISSES;0.691585
e;main;0;0.737219;PAPI_L1_DCM;0.734256
e;main;0;0.738581;PAPI_TOT_CYC;0.738644
e;main;0;0.741306;LLC_MISSES;0.695442
e;main;0;0.742669;PAPI_L1_DCM;0.739487
e;main;0;0.744031;PAPI_TOT_CYC;0.744095
e;main;0;0.746756;LLC_MISSES;0.69816
e;main;0;0.748119;PAPI_L1_DCM;0.744624
e;main;0;0.749481;PAPI_TOT_CYC;0.749547
e;main;0;0.752206;LLC_MISSES;0.699011
e;main;0;0.753569;PAPI_L1_DCM;0.749949
e;main;0;0.754931;PAPI_TOT_CYC;0.754998
e;main;0;0.757656;LLC_MISSES;0.700213
e;main;0;0.759019;PAPI_L1_DCM;0.755129
e;main;0;0.760381;PAPI_TOT_CYC;0.76045
e;main;0;0.763106;LLC_MISSES;0.702846
e;main;0;0.764469;PAPI_L1_DCM;0.76054
e;main;0;0.765831;PAPI_TOT_CYC;0.765901
e;main;0;0.768556;LLC_MISSES;0.705079
e;main;0;0.769919;PAPI_L1_DCM;0.765929
e;main;0;0.771281;PAPI_TOT_CYC;0.771352
e;main;0;0.774007;LLC_MISSES;0.709703
e;main;0;0.775369;PAPI_L1_DCM;0.771376
e;main;0;0.776732;PAPI_TOT_CYC;0.776804
e;main;0;0.779457;LLC_MISSES;0.712658
e;main;0;0.780819;PAPI_L1_DCM;0.776858
e;main;0;0.782182;PAPI_TOT_CYC;0.782256
e;main;0;0.784907;LLC_MISSES;0.714311
e;main;0;0.786269;PAPI_L1_DCM;0.781921
e;main;0;0.787632;PAPI_TOT_CYC;0.787707
e;main;0;0.790357;LLC_MISSES;0.716059
e;main;0;0.791719;PAPI_L1_DCM;0.787022
e;main;0;0.793082;PAPI_TOT_CYC;0.793158
e;main;0;0.795807;LLC_MISSES;0.717266
e;main;0;0.797169;PAPI_L1_DCM;0.792314
e;main;0;0.798532;PAPI_TOT_CYC;0.79861
e;main;0;0.801257;LLC_MISSES;0.717903
e;main;0;0.802619;PAPI_L1_DCM;0.797728
e;main;0;0.803982;PAPI_TOT_CYC;0.804061
e;main;0;0.806707;LLC_MISSES;0.722753
e;main;0;0.808069;PAPI_L1_DCM;0.80325
e;main;0;0.809432;PAPI_TOT_CYC;0.809512
e;main;0;0.812157;LLC_MISSES;0.726491
e;main;0;0.813519;PAPI_L1_DCM;0.808663
e;main;0;0.814882;PAPI_TOT_CYC;0.814964
e;main;0;0.817607;LLC_MISSES;0.72798
e;main;0;0.818969;PAPI_L1_DCM;0.813834
e;main;0;0.820332;PAPI_TOT_CYC;0.820415
e;main;0;0.823057;LLC_MISSES;0.729243
e;main;0;0.824419;PAPI_L1_DCM;0.818994
e;main;0;0.825782;PAPI_TOT_CYC;0.825867
e;main;0;0.828507;LLC_MISSES;0.730879
e;main;0;0.829869;PAPI_L1_DCM;0.824378
e;main;0;0.831232;PAPI_TOT_CYC;0.831318
e;main;0;0.833957;LLC_MISSES;0.733619
e;main;0;0.835319;PAPI_L1_DCM;0.829875
e;main;0;0.836682;PAPI_TOT_CYC;0.83677
e;main;0;0.839407;LLC_MISSES;0.734048
e;main;0;0.840769;PAPI_L1_DCM;0.835984
e;main;0;0.842132;PAPI_TOT_CYC;0.842221
e;main;0;0.844857;LLC_MISSES;0.734313
e;main;0;0.846219;PAPI_L1_DCM;0.842161
e;main;0;0.847582;PAPI_TOT_CYC;0.847673
e;main;0;0.850307;LLC_MISSES;0.735655
e;main;0;0.851669;PAPI_L1_DCM;0.84857
e;main;0;0.853032;PAPI_TOT_CYC;0.853124
e;main;0;0.855757;LLC_MISSES;0.834297
e;main;0;0.85712;PAPI_L1_DCM;0.855582
e;main;0;0.858482;PAPI_TOT_CYC;0.858576
e;main;0;0.861207;LLC_MISSES;0.835255
e;main;0;0.86257;PAPI_L1_DCM;0.8622
e;main;0;0.863932;PAPI_TOT_CYC;0.864028
e;main;0;0.866657;LLC_MISSES;0.837308
e;main;0;0.86802;PAPI_L1_DCM;0.868908
e;main;0;0.869382;PAPI_TOT_CYC;0.86948
e;main;0;0.872107;LLC_MISSES;0.839175
e;main;0;0.87347;PAPI_L1_DCM;0.87538
e;main;0;0.874832;PAPI_TOT_CYC;0.87493
e;main;0;0.877557;LLC_MISSES;0.840489
e;main;0;0.87892;PAPI_L1_DCM;0.882075
e;main;0;0.880282;PAPI_TOT_CYC;0.880382
e;main;0;0.883007;LLC_MISSES;0.842107
e;main;0;0.88437;PAPI_L1_DCM;0.888574
e;main;0;0.885732;PAPI_TOT_CYC;0.885833
e;main;0;0.888457;LLC_MISSES;0.843139
e;main;0;0.889819;PAPI_L1_DCM;0.895227
e;main;0;0.891182;PAPI_TOT_CYC;0.891285
e;main;0;0.893907;LLC_MISSES;0.84394
e;main;0;0.895269;PAPI_L1_DCM;0.901861
e;main;0;0.896632;PAPI_TOT_CYC;0.896737
e;main;0;0.899357;LLC_MISSES;0.847149
e;main;0;0.900719;PAPI_L1_DCM;0.907858
e;main;0;0.902082;PAPI_TOT_CYC;0.902189
e;main;0;0.904807;LLC_MISSES;0.852478
e;main;0;0.906169;PAPI_L1_DCM;0.912863
e;main;0;0.907532;PAPI_TOT_CYC;0.90764
e;main;0;0.910257;LLC_MISSES;0.855923
e;main;0;0.911619;PAPI_L1_DCM;0.91772
e;main;0;0.912982;PAPI_TOT_CYC;0.913091
e;main;0;0.915827;LLC_MISSES;0.857294
e;main;0;0.91719;PAPI_L1_DCM;0.922525
e;main;0;0.918552;PAPI_TOT_CYC;0.918543
e;main;0;0.921277;LLC_MISSES;0.858286
e;main;0;0.92264;PAPI_L1_DCM;0.927475
e;main;0;0.924002;PAPI_TOT_CYC;0.923994
e;main;0;0.926727;LLC_MISSES;0.860671
e;main;0;0.92809;PAPI_L1_DCM;0.932369
e;main;0;0.929452;PAPI_TOT_CYC;0.929446
e;main;0;0.932177;LLC_MISSES;0.864974
e;main;0;0.933539;PAPI_L1_DCM;0.937238
e;main;0;0.934902;PAPI_TOT_CYC;0.934897
e;main;0;0.937627;LLC_MISSES;0.868707
e;main;0;0.938989;PAPI_L1_DCM;0.942307
e;main;0;0.940352;PAPI_TOT_CYC;0.940349
e;main;0;0.943077;LLC_MISSES;0.872074
e;main;0;0.944439;PAPI_L1_DCM;0.947181
e;main;0;0.945802;PAPI_TOT_CYC;0.9458
e;main;0;0.948527;LLC_MISSES;0.873174
e;main;0;0.949889;PAPI_L1_DCM;0.952082
e;main;0;0.951252;PAPI_TOT_CYC;0.951251
e;main;0;0.953977;LLC_MISSES;0.874392
e;main;0;0.955339;PAPI_L1_DCM;0.957055
e;main;0;0.956702;PAPI_TOT_CYC;0.956703
e;main;0;0.959427;LLC_MISSES;0.876986
e;main;0;0.960789;PAPI_L1_DCM;0.962051
e;main;0;0.962152;PAPI_TOT_CYC;0.962154
e;main;0;0.964877;LLC_MISSES;0.879134
e;main;0;0.966239;PAPI_L1_DCM;0.967319
e;main;0;0.967602;PAPI_TOT_CYC;0.967606
e;main;0;0.970327;LLC_MISSES;0.8817
e;main;0;0.971689;PAPI_L1_DCM;0.972294
e;main;0;0.973052;PAPI_TOT_CYC;0.973057
e;main;0;0.975777;LLC_MISSES;0.883206
e;main;0;0.977139;PAPI_L1_DCM;0.977078
e;main;0;0.978502;PAPI_TOT_CYC;0.978508
e;main;0;0.981227;LLC_MISSES;0.884012
e;main;0;0.98259;PAPI_L1_DCM;0.982183
e;main;0;0.983952;PAPI_TOT_CYC;0.983948
e;main;0;0.986677;LLC_MISSES;0.886787
e;main;0;0.98804;PAPI_L1_DCM;0.987416
e;main;0;0.989402;PAPI_TOT_CYC;0.989399
e;main;0;0.992127;LLC_MISSES;0.887181
e;main;0;0.99349;PAPI_L1_DCM;0.993119
e;main;0;0.994852;PAPI_TOT_CYC;0.994851
e;main;0;0.997577;LLC_MISSES;0.88743
e;main;0;0.99894;PAPI_L1_DCM;0.99911
e;main;0;0.000931868;PAPI_TOT_CYC;0.000930963
e;main;0;0.00366882;LLC_MISSES;0.00612266
e;main;0;0.00503728;PAPI_L1_DCM;0.00570437
e;main;0;0.00640575;PAPI_TOT_CYC;0.00640649
e;main;0;0.0091429;LLC_MISSES;0.00865351
e;main;0;0.0105114;PAPI_L1_DCM;0.0117531
e;main;0;0.0118798;PAPI_TOT_CYC;0.0118822
e;main;0;0.0146167;LLC_MISSES;0.0114275
e;main;0;0.0159852;PAPI_L1_DCM;0.0178422
e;main;0;0.0173537;PAPI_TOT_CYC;0.0173576
e;main;0;0.0200906;LLC_MISSES;0.0160858
e;main;0;0.0214591;PAPI_L1_DCM;0.0236551
e;main;0;0.0228275;PAPI_TOT_CYC;0.0228331
e;main;0;0.0255644;LLC_MISSES;0.0174396
e;main;0;0.0269329;PAPI_L1_DCM;0.0296977
e;main;0;0.0283013;PAPI_TOT_CYC;0.0283086
e;main;0;0.0310383;LLC_MISSES;0.020407
e;main;0;0.0324069;PAPI_L1_DCM;0.0354969
e;main;0;0.0337754;PAPI_TOT_CYC;0.0336615
e;main;0;0.0365123;LLC_MISSES;0.0228605
e;main;0;0.0378808;PAPI_L1_DCM;0.0414573
e;main;0;0.0392493;PAPI_TOT_CYC;0.039137
e;main;0;0.0419862;LLC_MISSES;0.0240486
e;main;0;0.0433546;PAPI_L1_DCM;0.0473683
e;main;0;0.0447231;PAPI_TOT_CYC;0.0446125
e;main;0;0.0474599;LLC_MISSES;0.0250874
e;main;0;0.0488284;PAPI_L1_DCM;0.0533861
e;main;0;0.0501968;PAPI_TOT_CYC;0.050088
e;main;0;0.0529337;LLC_MISSES;0.0277841
e;main;0;0.0543022;PAPI_L1_DCM;0.0586467
e;main;0;0.0556707;PAPI_TOT_CYC;0.0555633
e;main;0;0.0584076;LLC_MISSES;0.0359403
e;main;0;0.059776;PAPI_L1_DCM;0.0633863
e;main;0;0.0611445;PAPI_TOT_CYC;0.0610381
e;main;0;0.0638814;LLC_MISSES;0.0420519
e;main;0;0.0652499;PAPI_L1_DCM;0.0679514
e;main;0;0.0666183;PAPI_TOT_CYC;0.0665135
e;main;0;0.0693552;LLC_MISSES;0.0447098
e;main;0;0.0707237;PAPI_L1_DCM;0.0724473
e;main;0;0.0720922;PAPI_TOT_CYC;0.0719888
e;main;0;0.0748292;LLC_MISSES;0.0456824
e;main;0;0.0761978;PAPI_L1_DCM;0.0770821
e;main;0;0.0775663;PAPI_TOT_CYC;0.0774518
e;main;0;0.0803032;LLC_MISSES;0.0483016
e;main;0;0.0816717;PAPI_L1_DCM;0.0818184
e;main;0;0.0830402;PAPI_TOT_CYC;0.0829272
e;main;0;0.0857771;LLC_MISSES;0.0502688
e;main;0;0.0871456;PAPI_L1_DCM;0.0864835
e;main;0;0.0885141;PAPI_TOT_CYC;0.0884025
e;main;0;0.091251;LLC_MISSES;0.0548664
e;main;0;0.0926195;PAPI_L1_DCM;0.0911221
e;main;0;0.093988;PAPI_TOT_CYC;0.093878
e;main;0;0.0967249;LLC_MISSES;0.0582979
e;main;0;0.0980934;PAPI_L1_DCM;0.0959582
e;main;0;0.0994619;PAPI_TOT_CYC;0.0993533
e;main;0;0.102199;LLC_MISSES;0.0606575
e;main;0;0.103568;PAPI_L1_DCM;0.100361
e;main;0;0.104936;PAPI_TOT_CYC;0.104828
e;main;0;0.107673;LLC_MISSES;0.0621052
e;main;0;0.109042;PAPI_L1_DCM;0.104913
e;main;0;0.11041;PAPI_TOT_CYC;0.110303
e;main;0;0.113147;LLC_MISSES;0.0631386
e;main;0;0.114515;PAPI_L1_DCM;0.109687
e;main;0;0.115884;PAPI_TOT_CYC;0.115778
e;main;0;0.118621;LLC_MISSES;0.0673603
e;main;0;0.119989;PAPI_L1_DCM;0.114561
e;main;0;0.121358;PAPI_TOT_CYC;0.121254
e;main;0;0.124095;LLC_MISSES;0.0728586
e;main;0;0.125463;PAPI_L1_DCM;0.119299
e;main;0;0.126831;PAPI_TOT_CYC;0.126729
e;main;0;0.129568;LLC_MISSES;0.0746048
e;main;0;0.130937;PAPI_L1_DCM;0.123841
e;main;0;0.132305;PAPI_TOT_CYC;0.132204
e;main;0;0.135042;LLC_MISSES;0.0756823
e;main;0;0.136411;PAPI_L1_DCM;0.128359
e;main;0;0.137779;PAPI_TOT_CYC;0.137679
e;main;0;0.140516;LLC_MISSES;0.0769754
e;main;0;0.141885;PAPI_L1_DCM;0.13316
e;main;0;0.143253;PAPI_TOT_CYC;0.143155
e;main;0;0.14599;LLC_MISSES;0.0803517
e;main;0;0.147358;PAPI_L1_DCM;0.138196
e;main;0;0.148727;PAPI_TOT_CYC;0.14863
e;main;0;0.151464;LLC_MISSES;0.0806114
e;main;0;0.152832;PAPI_L1_DCM;0.143577
e;main;0;0.154201;PAPI_TOT_CYC;0.154105
e;main;0;0.156937;LLC_MISSES;0.0808877
e;main;0;0.158306;PAPI_L1_DCM;0.149507
e;main;0;0.159675;PAPI_TOT_CYC;0.159581
e;main;0;0.162411;LLC_MISSES;0.174004
e;main;0;0.16378;PAPI_L1_DCM;0.155757
e;main;0;0.165148;PAPI_TOT_CYC;0.165056
e;main;0;0.167885;LLC_MISSES;0.176695
e;main;0;0.169254;PAPI_L1_DCM;0.16193
e;main;0;0.170622;PAPI_TOT_CYC;0.170532
e;main;0;0.173359;LLC_MISSES;0.178126
e;main;0;0.174728;PAPI_L1_DCM;0.168139
e;main;0;0.176096;PAPI_TOT_CYC;0.176007
e;main;0;0.178833;LLC_MISSES;0.17979
e;main;0;0.180202;PAPI_L1_DCM;0.174271
e;main;0;0.18157;PAPI_TOT_CYC;0.181483
e;main;0;0.184307;LLC_MISSES;0.182359
e;main;0;0.185675;PAPI_L1_DCM;0.180157
e;main;0;0.187044;PAPI_TOT_CYC;0.186958
e;main;0;0.189781;LLC_MISSES;0.184315
e;main;0;0.191149;PAPI_L1_DCM;0.186324
e;main;0;0.192518;PAPI_TOT_CYC;0.192434
e;main;0;0.195255;LLC_MISSES;0.185249
e;main;0;0.196623;PAPI_L1_DCM;0.192466
e;main;0;0.197992;PAPI_TOT_CYC;0.19791
e;main;0;0.200729;LLC_MISSES;0.187708
e;main;0;0.202097;PAPI_L1_DCM;0.198458
e;main;0;0.203466;PAPI_TOT_CYC;0.203385
e;main;0;0.206203;LLC_MISSES;0.190433
e;main;0;0.207571;PAPI_L1_DCM;0.204524
e;main;0;0.20894;PAPI_TOT_CYC;0.208861
e;main;0;0.211677;LLC_MISSES;0.191587
e;main;0;0.213045;PAPI_L1_DCM;0.210708
e;main;0;0.214414;PAPI_TOT_CYC;0.214337
e;main;0;0.217151;LLC_MISSES;0.192394
e;main;0;0.218519;PAPI_L1_DCM;0.216769
e;main;0;0.219887;PAPI_TOT_CYC;0.219812
e;main;0;0.222624;LLC_MISSES;0.19456
e;main;0;0.223993;PAPI_L1_DCM;0.222915
e;main;0;0.225361;PAPI_TOT_CYC;0.225288
e;main;0;0.228098;LLC_MISSES;0.198097
e;main;0;0.229467;PAPI_L1_DCM;0.228537
e;main;0;0.230835;PAPI_TOT_CYC;0.230763
e;main;0;0.233572;LLC_MISSES;0.203374
e;main;0;0.234941;PAPI_L1_DCM;0.23386
e;main;0;0.236309;PAPI_TOT_CYC;0.236239
e;main;0;0.239046;LLC_MISSES;0.207369
e;main;0;0.240414;PAPI_L1_DCM;0.238895
e;main;0;0.241783;PAPI_TOT_CYC;0.241713
e;main;0;0.24452;LLC_MISSES;0.210585
e;main;0;0.245888;PAPI_L1_DCM;0.243951
e;main;0;0.247257;PAPI_TOT_CYC;0.247188
e;main;0;0.249994;LLC_MISSES;0.211398
e;main;0;0.251362;PAPI_L1_DCM;0.248786
e;main;0;0.252731;PAPI_TOT_CYC;0.252664
e;main;0;0.255468;LLC_MISSES;0.212348
e;main;0;0.256836;PAPI_L1_DCM;0.253904
e;main;0;0.258205;PAPI_TOT_CYC;0.258139
e;main;0;0.260942;LLC_MISSES;0.215006
e;main;0;0.26231;PAPI_L1_DCM;0.259142
e;main;0;0.263679;PAPI_TOT_CYC;0.263615
e;main;0;0.266416;LLC_MISSES;0.216144
e;main;0;0.267784;PAPI_L1_DCM;0.264347
e;main;0;0.269153;PAPI_TOT_CYC;0.26909
e;main;0;0.27189;LLC_MISSES;0.221112
e;main;0;0.273258;PAPI_L1_DCM;0.269394
e;main;0;0.274626;PAPI_TOT_CYC;0.274566
e;main;0;0.277363;LLC_MISSES;0.225616
e;main;0;0.278732;PAPI_L1_DCM;0.274712
e;main;0;0.2801;PAPI_TOT_CYC;0.280041
e;main;0;0.282837;LLC_MISSES;0.227439
e;main;0;0.284206;PAPI_L1_DCM;0.279576
e;main;0;0.285574;PAPI_TOT_CYC;0.285517
e;main;0;0.288311;LLC_MISSES;0.228434
e;main;0;0.28968;PAPI_L1_DCM;0.284364
e;main;0;0.291049;PAPI_TOT_CYC;0.290993
e;main;0;0.293785;LLC_MISSES;0.229141
e;main;0;0.295154;PAPI_L1_DCM;0.289328
e;main;0;0.296522;PAPI_TOT_CYC;0.296468
e;main;0;0.299259;LLC_MISSES;0.230003
e;main;0;0.300628;PAPI_L1_DCM;0.294418
e;main;0;0.301996;PAPI_TOT_CYC;0.301944
e;main;0;0.304733;LLC_MISSES;0.233109
e;main;0;0.306102;PAPI_L1_DCM;0.29971
e;main;0;0.30747;PAPI_TOT_CYC;0.307419
e;main;0;0.310207;LLC_MISSES;0.237286
e;main;0;0.311576;PAPI_L1_DCM;0.304964
e;main;0;0.312944;PAPI_TOT_CYC;0.312894
e;main;0;0.315681;LLC_MISSES;0.239707
e;main;0;0.31705;PAPI_L1_DCM;0.309932
e;main;0;0.318418;PAPI_TOT_CYC;0.31837
e;main;0;0.321155;LLC_MISSES;0.24058
e;main;0;0.322523;PAPI_L1_DCM;0.314812
e;main;0;0.323892;PAPI_TOT_CYC;0.323845
e;main;0;0.326629;LLC_MISSES;0.24169
e;main;0;0.327997;PAPI_L1_DCM;0.319705
e;main;0;0.329366;PAPI_TOT_CYC;0.329321
e;main;0;0.332103;LLC_MISSES;0.242879
e;main;0;0.333471;PAPI_L1_DCM;0.324867
e;main;0;0.33484;PAPI_TOT_CYC;0.334796
e;main;0;0.337577;LLC_MISSES;0.24389
e;main;0;0.338945;PAPI_L1_DCM;0.33019
e;main;0;0.340314;PAPI_TOT_CYC;0.340271
e;main;0;0.343051;LLC_MISSES;0.245244
e;main;0;0.344419;PAPI_L1_DCM;0.335898
e;main;0;0.345787;PAPI_TOT_CYC;0.345747
e;main;0;0.348524;LLC_MISSES;0.245586
e;main;0;0.349893;PAPI_L1_DCM;0.341785
e;main;0;0.351261;PAPI_TOT_CYC;0.351222
e;main;0;0.353998;LLC_MISSES;0.246957
e;main;0;0.355367;PAPI_L1_DCM;0.347813
e;main;0;0.356735;PAPI_TOT_CYC;0.356698
e;main;0;0.359472;LLC_MISSES;0.340985
e;main;0;0.360841;PAPI_L1_DCM;0.354305
e;main;0;0.362209;PAPI_TOT_CYC;0.362173
e;main;0;0.364946;LLC_MISSES;0.342079
e;main;0;0.366314;PAPI_L1_DCM;0.360367
e;main;0;0.367683;PAPI_TOT_CYC;0.367649
e;main;0;0.37042;LLC_MISSES;0.343648
e;main;0;0.371788;PAPI_L1_DCM;0.366476
e;main;0;0.373157;PAPI_TOT_CYC;0.373124
e;main;0;0.375894;LLC_MISSES;0.345234
e;main;0;0.377262;PAPI_L1_DCM;0.372341
e;main;0;0.378631;PAPI_TOT_CYC;0.378598
e;main;0;0.381368;LLC_MISSES;0.346008
e;main;0;0.382736;PAPI_L1_DCM;0.378435
e;main;0;0.384105;PAPI_TOT_CYC;0.384074
e;main;0;0.386842;LLC_MISSES;0.348417
e;main;0;0.38821;PAPI_L1_DCM;0.384382
e;main;0;0.389579;PAPI_TOT_CYC;0.389549
e;main;0;0.392316;LLC_MISSES;0.350058
e;main;0;0.393684;PAPI_L1_DCM;0.390327
e;main;0;0.395053;PAPI_TOT_CYC;0.395025
e;main;0;0.397789;LLC_MISSES;0.350987
e;main;0;0.399158;PAPI_L1_DCM;0.396355
e;main;0;0.400526;PAPI_TOT_CYC;0.4005
e;main;0;0.403263;LLC_MISSES;0.351462
e;main;0;0.404632;PAPI_L1_DCM;0.402349
e;main;0;0.406;PAPI_TOT_CYC;0.405976
e;main;0;0.408737;LLC_MISSES;0.354882
e;main;0;0.410105;PAPI_L1_DCM;0.407766
e;main;0;0.411474;PAPI_TOT_CYC;0.411451
e;main;0;0.414211;LLC_MISSES;0.361138
e;main;0;0.415579;PAPI_L1_DCM;0.412468
e;main;0;0.416948;PAPI_TOT_CYC;0.416927
e;main;0;0.419685;LLC_MISSES;0.364547
e;main;0;0.421053;PAPI_L1_DCM;0.417137
e;main;0;0.422422;PAPI_TOT_CYC;0.422402
e;main;0;0.425159;LLC_MISSES;0.367238
e;main;0;0.426527;PAPI_L1_DCM;0.421673
e;main;0;0.427896;PAPI_TOT_CYC;0.427877
e;main;0;0.430633;LLC_MISSES;0.368056
e;main;0;0.432001;PAPI_L1_DCM;0.426383
e;main;0;0.43337;PAPI_TOT_CYC;0.433353
e;main;0;0.436106;LLC_MISSES;0.370852
e;main;0;0.437475;PAPI_L1_DCM;0.43114
e;main;0;0.438843;PAPI_TOT_CYC;0.438828
e;main;0;0.44158;LLC_MISSES;0.372946
e;main;0;0.442949;PAPI_L1_DCM;0.435855
e;main;0;0.444317;PAPI_TOT_CYC;0.444303
e;main;0;0.447054;LLC_MISSES;0.378727
e;main;0;0.448423;PAPI_L1_DCM;0.44053
e;main;0;0.449791;PAPI_TOT_CYC;0.449778
e;main;0;0.452528;LLC_MISSES;0.382678
e;main;0;0.453897;PAPI_L1_DCM;0.445426
e;main;0;0.455265;PAPI_TOT_CYC;0.455253
e;main;0;0.458002;LLC_MISSES;0.384147
e;main;0;0.459371;PAPI_L1_DCM;0.449918
e;main;0;0.460739;PAPI_TOT_CYC;0.460729
e;main;0;0.463476;LLC_MISSES;0.385103
e;main;0;0.464845;PAPI_L1_DCM;0.454522
e;main;0;0.466213;PAPI_TOT_CYC;0.466204
e;main;0;0.46895;LLC_MISSES;0.38544
e;main;0;0.470319;PAPI_L1_DCM;0.459348
e;main;0;0.471687;PAPI_TOT_CYC;0.47168
e;main;0;0.474424;LLC_MISSES;0.390143
e;main;0;0.475792;PAPI_L1_DCM;0.464275
e;main;0;0.477161;PAPI_TOT_CYC;0.477155
e;main;0;0.479898;LLC_MISSES;0.392983
e;main;0;0.481267;PAPI_L1_DCM;0.469084
e;main;0;0.482635;PAPI_TOT_CYC;0.48263
e;main;0;0.485372;LLC_MISSES;0.393917
e;main;0;0.486741;PAPI_L1_DCM;0.473696
e;main;0;0.488109;PAPI_TOT_CYC;0.488106
e;main;0;0.490846;LLC_MISSES;0.395525
e;main;0;0.492215;PAPI_L1_DCM;0.478275
e;main;0;0.493583;PAPI_TOT_CYC;0.493581
e;main;0;0.49632;LLC_MISSES;0.396564
e;main;0;0.497689;PAPI_L1_DCM;0.483144
e;main;0;0.499057;PAPI_TOT_CYC;0.499056
e;main;0;0.501794;LLC_MISSES;0.399189
e;main;0;0.503162;PAPI_L1_DCM;0.488244
e;main;0;0.504531;PAPI_TOT_CYC;0.504532
e;main;0;0.507268;LLC_MISSES;0.401239
e;main;0;0.508636;PAPI_L1_DCM;0.493685
e;main;0;0.510005;PAPI_TOT_CYC;0.510007
e;main;0;0.512742;LLC_MISSES;0.401957
e;main;0;0.51411;PAPI_L1_DCM;0.499728
e;main;0;0.515479;PAPI_TOT_CYC;0.515482
e;main;0;0.518216;LLC_MISSES;0.502528
e;main;0;0.519584;PAPI_L1_DCM;0.506303
e;main;0;0.520953;PAPI_TOT_CYC;0.520957
e;main;0;0.52369;LLC_MISSES;0.504407
e;main;0;0.525058;PAPI_L1_DCM;0.512838
e;main;0;0.526427;PAPI_TOT_CYC;0.526433
e;main;0;0.529163;LLC_MISSES;0.506219
e;main;0;0.530532;PAPI_L1_DCM;0.519303
e;main;0;0.5319;PAPI_TOT_CYC;0.531909
e;main;0;0.534637;LLC_MISSES;0.508397
e;main;0;0.536006;PAPI_L1_DCM;0.52562
e;main;0;0.537374;PAPI_TOT_CYC;0.537384
e;main;0;0.540111;LLC_MISSES;0.510458
e;main;0;0.54148;PAPI_L1_DCM;0.532164
e;main;0;0.542848;PAPI_TOT_CYC;0.54286
e;main;0;0.545585;LLC_MISSES;0.512104
e;main;0;0.546953;PAPI_L1_DCM;0.538492
e;main;0;0.548322;PAPI_TOT_CYC;0.548336
e;main;0;0.551059;LLC_MISSES;0.513005
e;main;0;0.552427;PAPI_L1_DCM;0.544944
e;main;0;0.553796;PAPI_TOT_CYC;0.553811
e;main;0;0.556533;LLC_MISSES;0.513679
e;main;0;0.557901;PAPI_L1_DCM;0.551314
e;main;0;0.55927;PAPI_TOT_CYC;0.559287
e;main;0;0.562006;LLC_MISSES;0.516116
e;main;0;0.563375;PAPI_L1_DCM;0.557146
e;main;0;0.564743;PAPI_TOT_CYC;0.564762
e;main;0;0.56748;LLC_MISSES;0.522742
e;main;0;0.568849;PAPI_L1_DCM;0.562071
e;main;0;0.570218;PAPI_TOT_CYC;0.570238
e;main;0;0.572954;LLC_MISSES;0.52682
e;main;0;0.574323;PAPI_L1_DCM;0.566891
e;main;0;0.575691;PAPI_TOT_CYC;0.575713
e;main;0;0.578428;LLC_MISSES;0.529793
e;main;0;0.579797;PAPI_L1_DCM;0.571637
e;main;0;0.581165;PAPI_TOT_CYC;0.581188
e;main;0;0.583902;LLC_MISSES;0.532158
e;main;0;0.585271;PAPI_L1_DCM;0.576472
e;main;0;0.586639;PAPI_TOT_CYC;0.586663
e;main;0;0.589376;LLC_MISSES;0.53596
e;main;0;0.590745;PAPI_L1_DCM;0.581342
e;main;0;0.592113;PAPI_TOT_CYC;0.59202
e;main;0;0.59485;LLC_MISSES;0.541154
e;main;0;0.596218;PAPI_L1_DCM;0.586137
e;main;0;0.597587;PAPI_TOT_CYC;0.597495
e;main;0;0.600324;LLC_MISSES;0.546906
e;main;0;0.601692;PAPI_L1_DCM;0.591115
e;main;0;0.603061;PAPI_TOT_CYC;0.602971
e;main;0;0.605798;LLC_MISSES;0.550515
e;main;0;0.607166;PAPI_L1_DCM;0.596012
e;main;0;0.608535;PAPI_TOT_CYC;0.608446
e;main;0;0.611272;LLC_MISSES;0.552244
e;main;0;0.61264;PAPI_L1_DCM;0.600689
e;main;0;0.614009;PAPI_TOT_CYC;0.613921
e;main;0;0.616746;LLC_MISSES;0.5533
e;main;0;0.618114;PAPI_L1_DCM;0.605716
e;main;0;0.619482;PAPI_TOT_CYC;0.619397
e;main;0;0.622219;LLC_MISSES;0.556007
e;main;0;0.623588;PAPI_L1_DCM;0.610607
e;main;0;0.624957;PAPI_TOT_CYC;0.62486
e;main;0;0.627693;LLC_MISSES;0.560677
e;main;0;0.629062;PAPI_L1_DCM;0.615729
e;main;0;0.63043;PAPI_TOT_CYC;0.630335
e;main;0;0.633167;LLC_MISSES;0.562732
e;main;0;0.634536;PAPI_L1_DCM;0.620646
e;main;0;0.635904;PAPI_TOT_CYC;0.63581
e;main;0;0.638641;LLC_MISSES;0.563898
e;main;0;0.64001;PAPI_L1_DCM;0.625384
e;main;0;0.641378;PAPI_TOT_CYC;0.641286
e;main;0;0.644115;LLC_MISSES;0.565843
e;main;0;0.645484;PAPI_L1_DCM;0.630258
e;main;0;0.646852;PAPI_TOT_CYC;0.646761
e;main;0;0.649589;LLC_MISSES;0.567142
e;main;0;0.650957;PAPI_L1_DCM;0.635368
e;main;0;0.652326;PAPI_TOT_CYC;0.652235
e;main;0;0.655063;LLC_MISSES;0.567413
e;main;0;0.656431;PAPI_L1_DCM;0.640898
e;main;0;0.6578;PAPI_TOT_CYC;0.657711
e;main;0;0.660537;LLC_MISSES;0.567805
e;main;0;0.661905;PAPI_L1_DCM;0.646819
e;main;0;0.663274;PAPI_TOT_CYC;0.663186
e;main;0;0.666011;LLC_MISSES;0.666818
e;main;0;0.667379;PAPI_L1_DCM;0.653555
e;main;0;0.668748;PAPI_TOT_CYC;0.668662
e;main;0;0.671485;LLC_MISSES;0.669299
e;main;0;0.672853;PAPI_L1_DCM;0.660055
e;main;0;0.674222;PAPI_TOT_CYC;0.674137
e;main;0;0.676959;LLC_MISSES;0.670785
e;main;0;0.678327;PAPI_L1_DCM;0.666548
e;main;0;0.679696;PAPI_TOT_CYC;0.679613
e;main;0;0.682433;LLC_MISSES;0.673405
e;main;0;0.683801;PAPI_L1_DCM;0.67306
e;main;0;0.685169;PAPI_TOT_CYC;0.685088
e;main;0;0.687906;LLC_MISSES;0.675394
e;main;0;0.689275;PAPI_L1_DCM;0.679322
e;main;0;0.690643;PAPI_TOT_CYC;0.690564
e;main;0;0.69338;LLC_MISSES;0.676692
e;main;0;0.694749;PAPI_L1_DCM;0.685764
e;main;0;0.696117;PAPI_TOT_CYC;0.696039
e;main;0;0.698854;LLC_MISSES;0.678571
e;main;0;0.700223;PAPI_L1_DCM;0.692251
e;main;0;0.701591;PAPI_TOT_CYC;0.701514
e;main;0;0.704328;LLC_MISSES;0.680538
e;main;0;0.705696;PAPI_L1_DCM;0.69856
e;main;0;0.707065;PAPI_TOT_CYC;0.70699
e;main;0;0.709802;LLC_MISSES;0.682019
e;main;0;0.71117;PAPI_L1_DCM;0.704995
e;main;0;0.712539;PAPI_TOT_CYC;0.712465
e;main;0;0.715276;LLC_MISSES;0.683832
e;main;0;0.716644;PAPI_L1_DCM;0.711472
e;main;0;0.718013;PAPI_TOT_CYC;0.71794
e;main;0;0.72075;LLC_MISSES;0.684992
e;main;0;0.722118;PAPI_L1_DCM;0.717891
e;main;0;0.723486;PAPI_TOT_CYC;0.723416
e;main;0;0.726223;LLC_MISSES;0.685976
e;main;0;0.727592;PAPI_L1_DCM;0.724363
e;main;0;0.72896;PAPI_TOT_CYC;0.728891
e;main;0;0.731697;LLC_MISSES;0.690999
e;main;0;0.733066;PAPI_L1_DCM;0.729968
e;main;0;0.734434;PAPI_TOT_CYC;0.734367
e;main;0;0.737171;LLC_MISSES;0.697917
e;main;0;0.738539;PAPI_L1_DCM;0.735476
e;main;0;0.739908;PAPI_TOT_CYC;0.739842
e;main;0;0.742645;LLC_MISSES;0.700597
e;main;0;0.744013;PAPI_L1_DCM;0.740758
e;main;0;0.745382;PAPI_TOT_CYC;0.745317
e;main;0;0.748119;LLC_MISSES;0.703603
e;main;0;0.749487;PAPI_L1_DCM;0.745942
e;main;0;0.750856;PAPI_TOT_CYC;0.750792
e;main;0;0.753593;LLC_MISSES;0.704488
e;main;0;0.754961;PAPI_L1_DCM;0.751265
e;main;0;0.75633;PAPI_TOT_CYC;0.756268
e;main;0;0.759067;LLC_MISSES;0.705156
e;main;0;0.760436;PAPI_L1_DCM;0.756747
e;main;0;0.761804;PAPI_TOT_CYC;0.761744
e;main;0;0.764541;LLC_MISSES;0.708002
e;main;0;0.76591;PAPI_L1_DCM;0.762023
e;main;0;0.767278;PAPI_TOT_CYC;0.767219
e;main;0;0.770015;LLC_MISSES;0.710776
e;main;0;0.771383;PAPI_L1_DCM;0.767461
e;main;0;0.772752;PAPI_TOT_CYC;0.772694
e;main;0;0.775489;LLC_MISSES;0.715423
e;main;0;0.776857;PAPI_L1_DCM;0.773034
e;main;0;0.778226;PAPI_TOT_CYC;0.778169
e;main;0;0.780962;LLC_MISSES;0.718772
e;main;0;0.782331;PAPI_L1_DCM;0.778376
e;main;0;0.783699;PAPI_TOT_CYC;0.783645
e;main;0;0.786436;LLC_MISSES;0.720275
e;main;0;0.787805;PAPI_L1_DCM;0.783449
e;main;0;0.789173;PAPI_TOT_CYC;0.789118
e;main;0;0.79191;LLC_MISSES;0.721551
e;main;0;0.793279;PAPI_L1_DCM;0.788526
e;main;0;0.794647;PAPI_TOT_CYC;0.794594
e;main;0;0.797384;LLC_MISSES;0.722375
e;main;0;0.798753;PAPI_L1_DCM;0.793891
e;main;0;0.800121;PAPI_TOT_CYC;0.800069
e;main;0;0.802858;LLC_MISSES;0.724066
e;main;0;0.804227;PAPI_L1_DCM;0.799444
e;main;0;0.805595;PAPI_TOT_CYC;0.805544
e;main;0;0.808332;LLC_MISSES;0.726729
e;main;0;0.8097;PAPI_L1_DCM;0.805031
e;main;0;0.811069;PAPI_TOT_CYC;0.81102
e;main;0;0.813806;LLC_MISSES;0.729382
e;main;0;0.815174;PAPI_L1_DCM;0.810297
e;main;0;0.816543;PAPI_TOT_CYC;0.816495
e;main;0;0.81928;LLC_MISSES;0.730603
e;main;0;0.820648;PAPI_L1_DCM;0.815451
e;main;0;0.822017;PAPI_TOT_CYC;0.82197
e;main;0;0.824754;LLC_MISSES;0.732316
e;main;0;0.826122;PAPI_L1_DCM;0.820614
e;main;0;0.827491;PAPI_TOT_CYC;0.827446
e;main;0;0.830228;LLC_MISSES;0.733946
e;main;0;0.831596;PAPI_L1_DCM;0.826062
e;main;0;0.832965;PAPI_TOT_CYC;0.832921
e;main;0;0.835701;LLC_MISSES;0.736013
e;main;0;0.83707;PAPI_L1_DCM;0.831765
e;main;0;0.838438;PAPI_TOT_CYC;0.838396
e;main;0;0.841175;LLC_MISSES;0.736178
e;main;0;0.842544;PAPI_L1_DCM;0.837839
e;main;0;0.843912;PAPI_TOT_CYC;0.843872
e;main;0;0.846649;LLC_MISSES;0.737068
e;main;0;0.848018;PAPI_L1_DCM;0.84415
e;main;0;0.849386;PAPI_TOT_CYC;0.849347
e;main;0;0.852124;LLC_MISSES;0.834213
e;main;0;0.853492;PAPI_L1_DCM;0.850963
e;main;0;0.854861;PAPI_TOT_CYC;0.854822
e;main;0;0.857598;LLC_MISSES;0.83676
e;main;0;0.858966;PAPI_L1_DCM;0.857744
e;main;0;0.860334;PAPI_TOT_CYC;0.860298
e;main;0;0.863071;LLC_MISSES;0.83797
e;main;0;0.86444;PAPI_L1_DCM;0.864527
e;main;0;0.865808;PAPI_TOT_CYC;0.865773
e;main;0;0.868545;LLC_MISSES;0.840695
e;main;0;0.869914;PAPI_L1_DCM;0.871133
e;main;0;0.871282;PAPI_TOT_CYC;0.871249
e;main;0;0.874019;LLC_MISSES;0.842054
e;main;0;0.875387;PAPI_L1_DCM;0.877756
e;main;0;0.876756;PAPI_TOT_CYC;0.876724
e;main;0;0.879493;LLC_MISSES;0.843585
e;main;0;0.880861;PAPI_L1_DCM;0.884372
e;main;0;0.88223;PAPI_TOT_CYC;0.8822
e;main;0;0.884967;LLC_MISSES;0.845364
e;main;0;0.886335;PAPI_L1_DCM;0.890994
e;main;0;0.887704;PAPI_TOT_CYC;0.887675
e;main;0;0.89044;LLC_MISSES;0.846353
e;main;0;0.891809;PAPI_L1_DCM;0.897629
e;main;0;0.893177;PAPI_TOT_CYC;0.893151
e;main;0;0.895914;LLC_MISSES;0.847315
e;main;0;0.897283;PAPI_L1_DCM;0.904257
e;main;0;0.898651;PAPI_TOT_CYC;0.898626
e;main;0;0.901388;LLC_MISSES;0.852459
e;main;0;0.902756;PAPI_L1_DCM;0.909704
e;main;0;0.904125;PAPI_TOT_CYC;0.904102
e;main;0;0.906862;LLC_MISSES;0.857626
e;main;0;0.90823;PAPI_L1_DCM;0.914735
e;main;0;0.909599;PAPI_TOT_CYC;0.909577
e;main;0;0.912336;LLC_MISSES;0.858499
e;main;0;0.913704;PAPI_L1_DCM;0.919537
e;main;0;0.915072;PAPI_TOT_CYC;0.915053
e;main;0;0.917809;LLC_MISSES;0.859599
e;main;0;0.919178;PAPI_L1_DCM;0.92443
e;main;0;0.920546;PAPI_TOT_CYC;0.920528
e;main;0;0.923283;LLC_MISSES;0.861726
e;main;0;0.924652;PAPI_L1_DCM;0.929338
e;main;0;0.92602;PAPI_TOT_CYC;0.926001
e;main;0;0.928757;LLC_MISSES;0.865622
e;main;0;0.930126;PAPI_L1_DCM;0.934352
e;main;0;0.931494;PAPI_TOT_CYC;0.931477
e;main;0;0.934231;LLC_MISSES;0.871573
e;main;0;0.9356;PAPI_L1_DCM;0.939185
e;main;0;0.936968;PAPI_TOT_CYC;0.936952
e;main;0;0.939705;LLC_MISSES;0.874541
e;main;0;0.941073;PAPI_L1_DCM;0.944468
e;main;0;0.942442;PAPI_TOT_CYC;0.942427
e;main;0;0.945179;LLC_MISSES;0.876458
e;main;0;0.946548;PAPI_L1_DCM;0.949334
e;main;0;0.947916;PAPI_TOT_CYC;0.947903
e;main;0;0.950654;LLC_MISSES;0.878182
e;main;0;0.952022;PAPI_L1_DCM;0.954123
e;main;0;0.953391;PAPI_TOT_CYC;0.953379
e;main;0;0.956128;LLC_MISSES;0.878834
e;main;0;0.957496;PAPI_L1_DCM;0.959161
e;main;0;0.958864;PAPI_TOT_CYC;0.958854
e;main;0;0.961601;LLC_MISSES;0.882067
e;main;0;0.96297;PAPI_L1_DCM;0.964346
e;main;0;0.964338;PAPI_TOT_CYC;0.96433
e;main;0;0.967075;LLC_MISSES;0.884388
e;main;0;0.968444;PAPI_L1_DCM;0.969423
e;main;0;0.969812;PAPI_TOT_CYC;0.969805
e;main;0;0.972549;LLC_MISSES;0.885195
e;main;0;0.973917;PAPI_L1_DCM;0.974348
e;main;0;0.975286;PAPI_TOT_CYC;0.97528
e;main;0;0.978023;LLC_MISSES;0.886222
e;main;0;0.979391;PAPI_L1_DCM;0.979182
e;main;0;0.98076;PAPI_TOT_CYC;0.980756
e;main;0;0.983497;LLC_MISSES;0.887361
e;main;0;0.984865;PAPI_L1_DCM;0.984378
e;main;0;0.986234;PAPI_TOT_CYC;0.986231
e;main;0;0.988971;LLC_MISSES;0.889869
e;main;0;0.990339;PAPI_L1_DCM;0.989816
e;main;0;0.991708;PAPI_TOT_CYC;0.991706
e;main;0;0.994444;LLC_MISSES;0.89035
e;main;0;0.995813;PAPI_L1_DCM;0.995724
e;main;0;0.997181;PAPI_TOT_CYC;0.997181
e;main;0;0.999918;LLC_MISSES;0.997773
e;main;0;0.00128677;PAPI_L1_DCM;0.00151539
e;main;0;0.00265565;PAPI_TOT_CYC;0.00265606
e;main;0;0.00539338;LLC_MISSES;0.00591761
e;main;0;0.00676224;PAPI_L1_DCM;0.00759498
e;main;0;0.00813108;PAPI_TOT_CYC;0.00813481
e;main;0;0.0108688;LLC_MISSES;0.00752806
e;main;0;0.0122376;PAPI_L1_DCM;0.0136926
e;main;0;0.0136064;PAPI_TOT_CYC;0.0136135
e;main;0;0.0163441;LLC_MISSES;0.00972414
e;main;0;0.017713;PAPI_L1_DCM;0.0197663
e;main;0;0.0190819;PAPI_TOT_CYC;0.0190922
e;main;0;0.0218196;LLC_MISSES;0.0115802
e;main;0;0.0231885;PAPI_L1_DCM;0.0255364
e;main;0;0.0245574;PAPI_TOT_CYC;0.024571
e;main;0;0.0272951;LLC_MISSES;0.0128128
e;main;0;0.0286639;PAPI_L1_DCM;0.031609
e;main;0;0.0300328;PAPI_TOT_CYC;0.0300498
e;main;0;0.0327705;LLC_MISSES;0.0139368
e;main;0;0.0341394;PAPI_L1_DCM;0.0374536
e;main;0;0.0355083;PAPI_TOT_CYC;0.0355285
e;main;0;0.0382463;LLC_MISSES;0.0156418
e;main;0;0.0396152;PAPI_L1_DCM;0.0434274
e;main;0;0.040984;PAPI_TOT_CYC;0.0410075
e;main;0;0.0437217;LLC_MISSES;0.0164305
e;main;0;0.0450906;PAPI_L1_DCM;0.0493565
e;main;0;0.0464594;PAPI_TOT_CYC;0.0464862
e;main;0;0.0491971;LLC_MISSES;0.0172333
e;main;0;0.0505659;PAPI_L1_DCM;0.0553269
e;main;0;0.0519348;PAPI_TOT_CYC;0.0519649
e;main;0;0.0546725;LLC_MISSES;0.0199111
e;main;0;0.0560413;PAPI_L1_DCM;0.060253
e;main;0;0.0574102;PAPI_TOT_CYC;0.0574433
e;main;0;0.0601479;LLC_MISSES;0.0284357
e;main;0;0.0615168;PAPI_L1_DCM;0.0648947
e;main;0;0.0628857;PAPI_TOT_CYC;0.0629191
e;main;0;0.0656234;LLC_MISSES;0.030287
e;main;0;0.0669922;PAPI_L1_DCM;0.0694796
e;main;0;0.0683611;PAPI_TOT_CYC;0.0683976
e;main;0;0.0710988;LLC_MISSES;0.0332198
e;main;0;0.0724677;PAPI_L1_DCM;0.0739559
e;main;0;0.0738366;PAPI_TOT_CYC;0.0738761
e;main;0;0.0765743;LLC_MISSES;0.0351042
e;main;0;0.0779432;PAPI_L1_DCM;0.0786841
e;main;0;0.0793121;PAPI_TOT_CYC;0.0793546
e;main;0;0.0820498;LLC_MISSES;0.0377962
e;main;0;0.0834187;PAPI_L1_DCM;0.0833752
e;main;0;0.0847875;PAPI_TOT_CYC;0.0848331
e;main;0;0.0875252;LLC_MISSES;0.0402189
e;main;0;0.0888941;PAPI_L1_DCM;0.0879687
e;main;0;0.0902629;PAPI_TOT_CYC;0.0903116
e;main;0;0.0930007;LLC_MISSES;0.045329
e;main;0;0.0943695;PAPI_L1_DCM;0.0927819
e;main;0;0.0957384;PAPI_TOT_CYC;0.0957902
e;main;0;0.0984761;LLC_MISSES;0.0471283
e;main;0;0.0998449;PAPI_L1_DCM;0.0973874
e;main;0;0.101214;PAPI_TOT_CYC;0.101269
e;main;0;0.103951;LLC_MISSES;0.0483421
e;main;0;0.10532;PAPI_L1_DCM;0.101908
e;main;0;0.106689;PAPI_TOT_CYC;0.106747
e;main;0;0.109427;LLC_MISSES;0.0492488
e;main;0;0.110796;PAPI_L1_DCM;0.106619
e;main;0;0.112165;PAPI_TOT_CYC;0.112226
e;main;0;0.114902;LLC_MISSES;0.050472
e;main;0;0.116271;PAPI_L1_DCM;0.111305
e;main;0;0.11764;PAPI_TOT_CYC;0.117704
e;main;0;0.120378;LLC_MISSES;0.0543211
e;main;0;0.121747;PAPI_L1_DCM;0.116148
e;main;0;0.123116;PAPI_TOT_CYC;0.123183
e;main;0;0.125853;LLC_MISSES;0.0583968
e;main;0;0.127222;PAPI_L1_DCM;0.120796
e;main;0;0.128591;PAPI_TOT_CYC;0.128661
e;main;0;0.131329;LLC_MISSES;0.0596247
e;main;0;0.132698;PAPI_L1_DCM;0.125444
e;main;0;0.134067;PAPI_TOT_CYC;0.13414
e;main;0;0.136804;LLC_MISSES;0.0612021
e;main;0;0.138173;PAPI_L1_DCM;0.129984
e;main;0;0.139542;PAPI_TOT_CYC;0.139618
e;main;0;0.14228;LLC_MISSES;0.0632187
e;main;0;0.143649;PAPI_L1_DCM;0.134774
e;main;0;0.145018;PAPI_TOT_CYC;0.145097
e;main;0;0.147755;LLC_MISSES;0.0638894
e;main;0;0.149124;PAPI_L1_DCM;0.139973
e;main;0;0.150493;PAPI_TOT_CYC;0.150575
e;main;0;0.153231;LLC_MISSES;0.0644183
e;main;0;0.1546;PAPI_L1_DCM;0.145435
e;main;0;0.155968;PAPI_TOT_CYC;0.155934
e;main;0;0.158706;LLC_MISSES;0.144308
e;main;0;0.160075;PAPI_L1_DCM;0.151542
e;main;0;0.161444;PAPI_TOT_CYC;0.161412
e;main;0;0.164182;LLC_MISSES;0.145716
e;main;0;0.165551;PAPI_L1_DCM;0.157811
e;main;0;0.16692;PAPI_TOT_CYC;0.166891
e;main;0;0.169657;LLC_MISSES;0.147265
e;main;0;0.171026;PAPI_L1_DCM;0.163955
e;main;0;0.172395;PAPI_TOT_CYC;0.172358
e;main;0;0.175133;LLC_MISSES;0.148205
e;main;0;0.176502;PAPI_L1_DCM;0.170193
e;main;0;0.177871;PAPI_TOT_CYC;0.177836
e;main;0;0.180609;LLC_MISSES;0.150018
e;main;0;0.181977;PAPI_L1_DCM;0.17625
e;main;0;0.183346;PAPI_TOT_CYC;0.183315
e;main;0;0.186084;LLC_MISSES;0.152446
e;main;0;0.187453;PAPI_L1_DCM;0.182177
e;main;0;0.188822;PAPI_TOT_CYC;0.188794
e;main;0;0.19156;LLC_MISSES;0.153711
e;main;0;0.192928;PAPI_L1_DCM;0.188315
e;main;0;0.194297;PAPI_TOT_CYC;0.194273
e;main;0;0.197035;LLC_MISSES;0.155308
e;main;0;0.198404;PAPI_L1_DCM;0.194444
e;main;0;0.199773;PAPI_TOT_CYC;0.19975
e;main;0;0.202511;LLC_MISSES;0.157324
e;main;0;0.203879;PAPI_L1_DCM;0.20034
e;main;0;0.205248;PAPI_TOT_CYC;0.205229
e;main;0;0.207986;LLC_MISSES;0.158878
e;main;0;0.209355;PAPI_L1_DCM;0.206519
e;main;0;0.210724;PAPI_TOT_CYC;0.210708
e;main;0;0.213462;LLC_MISSES;0.159572
e;main;0;0.21483;PAPI_L1_DCM;0.212687
e;main;0;0.216199;PAPI_TOT_CYC;0.216187
e;main;0;0.218937;LLC_MISSES;0.160559
e;main;0;0.220306;PAPI_L1_DCM;0.218776
e;main;0;0.221675;PAPI_TOT_CYC;0.221666
e;main;0;0.224413;LLC_MISSES;0.161353
e;main;0;0.225781;PAPI_L1_DCM;0.22492
e;main;0;0.22715;PAPI_TOT_CYC;0.227145
e;main;0;0.229888;LLC_MISSES;0.165986
e;main;0;0.231257;PAPI_L1_DCM;0.230235
e;main;0;0.232626;PAPI_TOT_CYC;0.232623
e;main;0;0.235363;LLC_MISSES;0.170685
e;main;0;0.236732;PAPI_L1_DCM;0.23552
e;main;0;0.238101;PAPI_TOT_CYC;0.238102
e;main;0;0.240839;LLC_MISSES;0.17247
e;main;0;0.242208;PAPI_L1_DCM;0.240526
e;main;0;0.243577;PAPI_TOT_CYC;0.24358
e;main;0;0.246314;LLC_MISSES;0.17503
e;main;0;0.247683;PAPI_L1_DCM;0.245453
e;main;0;0.249052;PAPI_TOT_CYC;0.249059
e;main;0;0.25179;LLC_MISSES;0.17545
e;main;0;0.253159;PAPI_L1_DCM;0.250573
e;main;0;0.254528;PAPI_TOT_CYC;0.254538
e;main;0;0.257265;LLC_MISSES;0.176192
e;main;0;0.258634;PAPI_L1_DCM;0.255576
e;main;0;0.260003;PAPI_TOT_CYC;0.260017
e;main;0;0.262741;LLC_MISSES;0.179469
e;main;0;0.26411;PAPI_L1_DCM;0.260803
e;main;0;0.265479;PAPI_TOT_CYC;0.265495
e;main;0;0.268216;LLC_MISSES;0.182071
e;main;0;0.269585;PAPI_L1_DCM;0.265967
e;main;0;0.270954;PAPI_TOT_CYC;0.270973
e;main;0;0.273692;LLC_MISSES;0.184825
e;main;0;0.275061;PAPI_L1_DCM;0.271139
e;main;0;0.276429;PAPI_TOT_CYC;0.276452
e;main;0;0.279167;LLC_MISSES;0.188509
e;main;0;0.280536;PAPI_L1_DCM;0.276424
e;main;0;0.281905;PAPI_TOT_CYC;0.281931
e;main;0;0.284643;LLC_MISSES;0.189869
e;main;0;0.286012;PAPI_L1_DCM;0.281219
e;main;0;0.28738;PAPI_TOT_CYC;0.287409
e;main;0;0.290118;LLC_MISSES;0.190837
e;main;0;0.291487;PAPI_L1_DCM;0.286015
e;main;0;0.292856;PAPI_TOT_CYC;0.292888
e;main;0;0.295594;LLC_MISSES;0.191253
e;main;0;0.296963;PAPI_L1_DCM;0.291015
e;main;0;0.298331;PAPI_TOT_CYC;0.298367
e;main;0;0.301069;LLC_MISSES;0.191876
e;main;0;0.302438;PAPI_L1_DCM;0.296077
e;main;0;0.303807;PAPI_TOT_CYC;0.303846
e;main;0;0.306545;LLC_MISSES;0.195777
e;main;0;0.307914;PAPI_L1_DCM;0.301376
e;main;0;0.309282;PAPI_TOT_CYC;0.309324
e;main;0;0.31202;LLC_MISSES;0.197746
e;main;0;0.313389;PAPI_L1_DCM;0.306655
e;main;0;0.314758;PAPI_TOT_CYC;0.314803
e;main;0;0.317496;LLC_MISSES;0.198152
e;main;0;0.318865;PAPI_L1_DCM;0.311606
e;main;0;0.320234;PAPI_TOT_CYC;0.320282
e;main;0;0.322972;LLC_MISSES;0.198766
e;main;0;0.32434;PAPI_L1_DCM;0.316508
e;main;0;0.325709;PAPI_TOT_CYC;0.32576
e;main;0;0.328447;LLC_MISSES;0.199801
e;main;0;0.329816;PAPI_L1_DCM;0.321398
e;main;0;0.331185;PAPI_TOT_CYC;0.331237
e;main;0;0.333922;LLC_MISSES;0.201038
e;main;0;0.335291;PAPI_L1_DCM;0.326549
e;main;0;0.33666;PAPI_TOT_CYC;0.336716
e;main;0;0.339398;LLC_MISSES;0.203546
e;main;0;0.340767;PAPI_L1_DCM;0.332005
e;main;0;0.342136;PAPI_TOT_CYC;0.342195
e;main;0;0.344873;LLC_MISSES;0.206375
e;main;0;0.346242;PAPI_L1_DCM;0.337783
e;main;0;0.347611;PAPI_TOT_CYC;0.347673
e;main;0;0.350349;LLC_MISSES;0.206635
e;main;0;0.351718;PAPI_L1_DCM;0.34382
e;main;0;0.353087;PAPI_TOT_CYC;0.353152
e;main;0;0.355824;LLC_MISSES;0.285212
e;main;0;0.357193;PAPI_L1_DCM;0.350233
e;main;0;0.358562;PAPI_TOT_CYC;0.358631
e;main;0;0.3613;LLC_MISSES;0.286628
e;main;0;0.362669;PAPI_L1_DCM;0.356355
e;main;0;0.364038;PAPI_TOT_CYC;0.364109
e;main;0;0.366775;LLC_MISSES;0.288173
e;main;0;0.368144;PAPI_L1_DCM;0.362382
e;main;0;0.369513;PAPI_TOT_CYC;0.369588
e;main;0;0.372251;LLC_MISSES;0.289882
e;main;0;0.37362;PAPI_L1_DCM;0.368509
e;main;0;0.374988;PAPI_TOT_CYC;0.375067
e;main;0;0.377726;LLC_MISSES;0.29129
e;main;0;0.379095;PAPI_L1_DCM;0.374357
e;main;0;0.380464;PAPI_TOT_CYC;0.380545
e;main;0;0.383202;LLC_MISSES;0.292551
e;main;0;0.38457;PAPI_L1_DCM;0.380449
e;main;0;0.385939;PAPI_TOT_CYC;0.386024
e;main;0;0.388677;LLC_MISSES;0.293741
e;main;0;0.390046;PAPI_L1_DCM;0.386338
e;main;0;0.391415;PAPI_TOT_CYC;0.391503
e;main;0;0.394152;LLC_MISSES;0.295087
e;main;0;0.395521;PAPI_L1_DCM;0.392384
e;main;0;0.39689;PAPI_TOT_CYC;0.396981
e;main;0;0.399628;LLC_MISSES;0.296834
e;main;0;0.400997;PAPI_L1_DCM;0.398309
e;main;0;0.402365;PAPI_TOT_CYC;0.40246
e;main;0;0.405103;LLC_MISSES;0.297453
e;main;0;0.406472;PAPI_L1_DCM;0.404301
e;main;0;0.407841;PAPI_TOT_CYC;0.407938
e;main;0;0.410579;LLC_MISSES;0.300797
e;main;0;0.411948;PAPI_L1_DCM;0.409256
e;main;0;0.413317;PAPI_TOT_CYC;0.413417
e;main;0;0.416054;LLC_MISSES;0.307031
e;main;0;0.417423;PAPI_L1_DCM;0.414023
e;main;0;0.418792;PAPI_TOT_CYC;0.418896
e;main;0;0.42153;LLC_MISSES;0.30908
e;main;0;0.422899;PAPI_L1_DCM;0.418629
e;main;0;0.424268;PAPI_TOT_CYC;0.424374
e;main;0;0.427005;LLC_MISSES;0.312179
e;main;0;0.428374;PAPI_L1_DCM;0.423135
e;main;0;0.429743;PAPI_TOT_CYC;0.429853
e;main;0;0.432481;LLC_MISSES;0.313024
e;main;0;0.43385;PAPI_L1_DCM;0.427971
e;main;0;0.435219;PAPI_TOT_CYC;0.435331
e;main;0;0.437956;LLC_MISSES;0.315697
e;main;0;0.439325;PAPI_L1_DCM;0.432702
e;main;0;0.440694;PAPI_TOT_CYC;0.44081
e;main;0;0.443432;LLC_MISSES;0.318068
e;main;0;0.444801;PAPI_L1_DCM;0.437299
e;main;0;0.44617;PAPI_TOT_CYC;0.446289
e;main;0;0.448907;LLC_MISSES;0.324104
e;main;0;0.450276;PAPI_L1_DCM;0.442145
e;main;0;0.451645;PAPI_TOT_CYC;0.451767
e;main;0;0.454383;LLC_MISSES;0.326555
e;main;0;0.455752;PAPI_L1_DCM;0.446827
e;main;0;0.457121;PAPI_TOT_CYC;0.457246
e;main;0;0.459858;LLC_MISSES;0.327457
e;main;0;0.461227;PAPI_L1_DCM;0.451405
e;main;0;0.462596;PAPI_TOT_CYC;0.462724
e;main;0;0.465334;LLC_MISSES;0.32867
e;main;0;0.466703;PAPI_L1_DCM;0.456157
e;main;0;0.468072;PAPI_TOT_CYC;0.468201
e;main;0;0.470809;LLC_MISSES;0.329596
e;main;0;0.472178;PAPI_L1_DCM;0.460908
e;main;0;0.473547;PAPI_TOT_CYC;0.47368
e;main;0;0.476285;LLC_MISSES;0.333412
e;main;0;0.477654;PAPI_L1_DCM;0.465836
e;main;0;0.479023;PAPI_TOT_CYC;0.479159
e;main;0;0.48176;LLC_MISSES;0.335528
e;main;0;0.483129;PAPI_L1_DCM;0.470574
e;main;0;0.484498;PAPI_TOT_CYC;0.484637
e;main;0;0.487267;LLC_MISSES;0.349861
e;main;0;0.488637;PAPI_L1_DCM;0.474991
e;main;0;0.490006;PAPI_TOT_CYC;0.489853
e;main;0;0.492743;LLC_MISSES;0.370523
e;main;0;0.494112;PAPI_L1_DCM;0.479617
e;main;0;0.495481;PAPI_TOT_CYC;0.495332
e;main;0;0.498219;LLC_MISSES;0.383114
e;main;0;0.499588;PAPI_L1_DCM;0.484472
e;main;0;0.500957;PAPI_TOT_CYC;0.500811
e;main;0;0.503694;LLC_MISSES;0.39162
e;main;0;0.505063;PAPI_L1_DCM;0.489722
e;main;0;0.506432;PAPI_TOT_CYC;0.506289
e;main;0;0.50917;LLC_MISSES;0.392555
e;main;0;0.510539;PAPI_L1_DCM;0.495339
e;main;0;0.511907;PAPI_TOT_CYC;0.511768
e;main;0;0.514645;LLC_MISSES;0.514468
e;main;0;0.516014;PAPI_L1_DCM;0.50167
e;main;0;0.517383;PAPI_TOT_CYC;0.517247
e;main;0;0.520121;LLC_MISSES;0.516792
e;main;0;0.52149;PAPI_L1_DCM;0.5082
e;main;0;0.522858;PAPI_TOT_CYC;0.522726
e;main;0;0.525596;LLC_MISSES;0.518879
e;main;0;0.526965;PAPI_L1_DCM;0.514829
e;main;0;0.528334;PAPI_TOT_CYC;0.528204
e;main;0;0.531072;LLC_MISSES;0.521477
e;main;0;0.53244;PAPI_L1_DCM;0.521148
e;main;0;0.533809;PAPI_TOT_CYC;0.533683
e;main;0;0.536547;LLC_MISSES;0.524136
e;main;0;0.537916;PAPI_L1_DCM;0.527559
e;main;0;0.539285;PAPI_TOT_CYC;0.539161
e;main;0;0.542022;LLC_MISSES;0.525397
e;main;0;0.543391;PAPI_L1_DCM;0.53396
e;main;0;0.54476;PAPI_TOT_CYC;0.54464
e;main;0;0.547498;LLC_MISSES;0.527182
e;main;0;0.548867;PAPI_L1_DCM;0.540406
e;main;0;0.550236;PAPI_TOT_CYC;0.550119
e;main;0;0.552973;LLC_MISSES;0.527815
e;main;0;0.554342;PAPI_L1_DCM;0.54674
e;main;0;0.555711;PAPI_TOT_CYC;0.555598
e;main;0;0.558449;LLC_MISSES;0.528329
e;main;0;0.559818;PAPI_L1_DCM;0.553211
e;main;0;0.561187;PAPI_TOT_CYC;0.561077
e;main;0;0.563925;LLC_MISSES;0.541728
e;main;0;0.565293;PAPI_L1_DCM;0.558548
e;main;0;0.566662;PAPI_TOT_CYC;0.566556
e;main;0;0.5694;LLC_MISSES;0.556038
e;main;0;0.570769;PAPI_L1_DCM;0.563491
e;main;0;0.572138;PAPI_TOT_CYC;0.572034
e;main;0;0.574875;LLC_MISSES;0.560128
e;main;0;0.576244;PAPI_L1_DCM;0.568246
e;main;0;0.577613;PAPI_TOT_CYC;0.577513
e;main;0;0.580351;LLC_MISSES;0.565644
e;main;0;0.58172;PAPI_L1_DCM;0.572948
e;main;0;0.583088;PAPI_TOT_CYC;0.582991
e;main;0;0.585826;LLC_MISSES;0.571949
e;main;0;0.587195;PAPI_L1_DCM;0.577872
e;main;0;0.588564;PAPI_TOT_CYC;0.588469
e;main;0;0.591302;LLC_MISSES;0.578745
e;main;0;0.59267;PAPI_L1_DCM;0.582859
e;main;0;0.594039;PAPI_TOT_CYC;0.593948
e;main;0;0.596777;LLC_MISSES;0.587236
e;main;0;0.598146;PAPI_L1_DCM;0.587612
e;main;0;0.599515;PAPI_TOT_CYC;0.599426
e;main;0;0.602252;LLC_MISSES;0.595222
e;main;0;0.603621;PAPI_L1_DCM;0.592772
e;main;0;0.60499;PAPI_TOT_CYC;0.604903
e;main;0;0.607728;LLC_MISSES;0.598528
e;main;0;0.609097;PAPI_L1_DCM;0.597552
e;main;0;0.610465;PAPI_TOT_CYC;0.610382
e;main;0;0.613203;LLC_MISSES;0.600129
e;main;0;0.614572;PAPI_L1_DCM;0.602267
e;main;0;0.615941;PAPI_TOT_CYC;0.615861
e;main;0;0.618679;LLC_MISSES;0.601848
e;main;0;0.620048;PAPI_L1_DCM;0.607107
e;main;0;0.621416;PAPI_TOT_CYC;0.621339
e;main;0;0.624154;LLC_MISSES;0.605801
e;main;0;0.625523;PAPI_L1_DCM;0.612219
e;main;0;0.626892;PAPI_TOT_CYC;0.626818
e;main;0;0.62963;LLC_MISSES;0.609254
e;main;0;0.630998;PAPI_L1_DCM;0.617281
e;main;0;0.632367;PAPI_TOT_CYC;0.632296
e;main;0;0.635105;LLC_MISSES;0.610425
e;main;0;0.636474;PAPI_L1_DCM;0.622064
e;main;0;0.637843;PAPI_TOT_CYC;0.637775
e;main;0;0.64058;LLC_MISSES;0.612191
e;main;0;0.641949;PAPI_L1_DCM;0.626834
e;main;0;0.643318;PAPI_TOT_CYC;0.643253
e;main;0;0.646056;LLC_MISSES;0.613551
e;main;0;0.647425;PAPI_L1_DCM;0.631861
e;main;0;0.648794;PAPI_TOT_CYC;0.648732
e;main;0;0.651532;LLC_MISSES;0.615426
e;main;0;0.652901;PAPI_L1_DCM;0.637145
e;main;0;0.654269;PAPI_TOT_CYC;0.654211
e;main;0;0.657007;LLC_MISSES;0.615724
e;main;0;0.658376;PAPI_L1_DCM;0.642831
e;main;0;0.659745;PAPI_TOT_CYC;0.659689
e;main;0;0.662482;LLC_MISSES;0.615856
e;main;0;0.663851;PAPI_L1_DCM;0.649192
e;main;0;0.66522;PAPI_TOT_CYC;0.665168
e;main;0;0.667958;LLC_MISSES;0.697324
e;main;0;0.669327;PAPI_L1_DCM;0.655769
e;main;0;0.670696;PAPI_TOT_CYC;0.670646
e;main;0;0.673433;LLC_MISSES;0.700346
e;main;0;0.674802;PAPI_L1_DCM;0.66222
e;main;0;0.676171;PAPI_TOT_CYC;0.676125
e;main;0;0.678909;LLC_MISSES;0.701281
e;main;0;0.680278;PAPI_L1_DCM;0.668815
e;main;0;0.681647;PAPI_TOT_CYC;0.681603
e;main;0;0.684384;LLC_MISSES;0.703194
e;main;0;0.685753;PAPI_L1_DCM;0.675263
e;main;0;0.687122;PAPI_TOT_CYC;0.687082
e;main;0;0.68986;LLC_MISSES;0.70445
e;main;0;0.691229;PAPI_L1_DCM;0.6815
e;main;0;0.692598;PAPI_TOT_CYC;0.692561
e;main;0;0.695335;LLC_MISSES;0.705343
e;main;0;0.696704;PAPI_L1_DCM;0.68799
e;main;0;0.698073;PAPI_TOT_CYC;0.69804
e;main;0;0.700811;LLC_MISSES;0.706963
e;main;0;0.70218;PAPI_L1_DCM;0.69443
e;main;0;0.703548;PAPI_TOT_CYC;0.703518
e;main;0;0.706286;LLC_MISSES;0.708361
e;main;0;0.707655;PAPI_L1_DCM;0.700692
e;main;0;0.709024;PAPI_TOT_CYC;0.708996
e;main;0;0.711762;LLC_MISSES;0.710561
e;main;0;0.713131;PAPI_L1_DCM;0.707046
e;main;0;0.7145;PAPI_TOT_CYC;0.714354
e;main;0;0.717237;LLC_MISSES;0.711317
e;main;0;0.718606;PAPI_L1_DCM;0.713448
e;main;0;0.719975;PAPI_TOT_CYC;0.71982
e;main;0;0.722713;LLC_MISSES;0.712252
e;main;0;0.724082;PAPI_L1_DCM;0.71991
e;main;0;0.725451;PAPI_TOT_CYC;0.725299
e;main;0;0.728189;LLC_MISSES;0.71416
e;main;0;0.729557;PAPI_L1_DCM;0.726192
e;main;0;0.730926;PAPI_TOT_CYC;0.730777
e;main;0;0.733664;LLC_MISSES;0.725174
e;main;0;0.735033;PAPI_L1_DCM;0.731848
e;main;0;0.736402;PAPI_TOT_CYC;0.736256
e;main;0;0.739139;LLC_MISSES;0.729594
e;main;0;0.740508;PAPI_L1_DCM;0.737203
e;main;0;0.741877;PAPI_TOT_CYC;0.741733
e;main;0;0.744615;LLC_MISSES;0.731748
e;main;0;0.745984;PAPI_L1_DCM;0.742424
e;main;0;0.747353;PAPI_TOT_CYC;0.747212
e;main;0;0.750091;LLC_MISSES;0.734846
e;main;0;0.75146;PAPI_L1_DCM;0.747609
e;main;0;0.752828;PAPI_TOT_CYC;0.75269
e;main;0;0.755566;LLC_MISSES;0.739082
e;main;0;0.756935;PAPI_L1_DCM;0.752972
e;main;0;0.758304;PAPI_TOT_CYC;0.758169
e;main;0;0.761042;LLC_MISSES;0.743498
e;main;0;0.76241;PAPI_L1_DCM;0.758472
e;main;0;0.763779;PAPI_TOT_CYC;0.763647
e;main;0;0.766517;LLC_MISSES;0.745005
e;main;0;0.767886;PAPI_L1_DCM;0.763976
e;main;0;0.769255;PAPI_TOT_CYC;0.769126
e;main;0;0.771992;LLC_MISSES;0.748462
e;main;0;0.773361;PAPI_L1_DCM;0.769274
e;main;0;0.77473;PAPI_TOT_CYC;0.774604
e;main;0;0.777468;LLC_MISSES;0.75198
e;main;0;0.778837;PAPI_L1_DCM;0.774881
e;main;0;0.780206;PAPI_TOT_CYC;0.780083
e;main;0;0.782944;LLC_MISSES;0.753567
e;main;0;0.784312;PAPI_L1_DCM;0.779996
e;main;0;0.785681;PAPI_TOT_CYC;0.785561
e;main;0;0.788419;LLC_MISSES;0.754691
e;main;0;0.789788;PAPI_L1_DCM;0.785054
e;main;0;0.791157;PAPI_TOT_CYC;0.79104
e;main;0;0.793894;LLC_MISSES;0.756112
e;main;0;0.795263;PAPI_L1_DCM;0.790235
e;main;0;0.796632;PAPI_TOT_CYC;0.796518
e;main;0;0.79937;LLC_MISSES;0.756637
e;main;0;0.800739;PAPI_L1_DCM;0.795735
e;main;0;0.802108;PAPI_TOT_CYC;0.801997
e;main;0;0.804845;LLC_MISSES;0.759886
e;main;0;0.806214;PAPI_L1_DCM;0.801257
e;main;0;0.807583;PAPI_TOT_CYC;0.807475
e;main;0;0.810321;LLC_MISSES;0.76313
e;main;0;0.81169;PAPI_L1_DCM;0.806849
e;main;0;0.813059;PAPI_TOT_CYC;0.812953
e;main;0;0.815796;LLC_MISSES;0.76459
e;main;0;0.817165;PAPI_L1_DCM;0.812104
e;main;0;0.818534;PAPI_TOT_CYC;0.818432
e;main;0;0.821272;LLC_MISSES;0.765454
e;main;0;0.822641;PAPI_L1_DCM;0.817262
e;main;0;0.82401;PAPI_TOT_CYC;0.82391
e;main;0;0.826747;LLC_MISSES;0.766701
e;main;0;0.828116;PAPI_L1_DCM;0.822446
e;main;0;0.829485;PAPI_TOT_CYC;0.829389
e;main;0;0.832223;LLC_MISSES;0.769662
e;main;0;0.833592;PAPI_L1_DCM;0.827959
e;main;0;0.83496;PAPI_TOT_CYC;0.834867
e;main;0;0.837699;LLC_MISSES;0.771433
e;main;0;0.839067;PAPI_L1_DCM;0.833832
e;main;0;0.840436;PAPI_TOT_CYC;0.840346
e;main;0;0.843174;LLC_MISSES;0.771749
e;main;0;0.844543;PAPI_L1_DCM;0.839952
e;main;0;0.845912;PAPI_TOT_CYC;0.845824
e;main;0;0.848649;LLC_MISSES;0.772066
e;main;0;0.850018;PAPI_L1_DCM;0.846365
e;main;0;0.851387;PAPI_TOT_CYC;0.851303
e;main;0;0.854125;LLC_MISSES;0.854421
e;main;0;0.855494;PAPI_L1_DCM;0.853399
e;main;0;0.856863;PAPI_TOT_CYC;0.856782
e;main;0;0.8596;LLC_MISSES;0.85649
e;main;0;0.860969;PAPI_L1_DCM;0.860104
e;main;0;0.862338;PAPI_TOT_CYC;0.86226
e;main;0;0.865076;LLC_MISSES;0.858242
e;main;0;0.866445;PAPI_L1_DCM;0.866897
e;main;0;0.867813;PAPI_TOT_CYC;0.867739
e;main;0;0.870551;LLC_MISSES;0.859876
e;main;0;0.87192;PAPI_L1_DCM;0.873351
e;main;0;0.873289;PAPI_TOT_CYC;0.873218
e;main;0;0.876026;LLC_MISSES;0.86091
e;main;0;0.877395;PAPI_L1_DCM;0.880125
e;main;0;0.878764;PAPI_TOT_CYC;0.878695
e;main;0;0.881502;LLC_MISSES;0.862346
e;main;0;0.882871;PAPI_L1_DCM;0.886689
e;main;0;0.88424;PAPI_TOT_CYC;0.884174
e;main;0;0.886977;LLC_MISSES;0.863437
e;main;0;0.888346;PAPI_L1_DCM;0.893352
e;main;0;0.889715;PAPI_TOT_CYC;0.889653
e;main;0;0.892453;LLC_MISSES;0.8644
e;main;0;0.893822;PAPI_L1_DCM;0.899942
e;main;0;0.89519;PAPI_TOT_CYC;0.895132
e;main;0;0.897928;LLC_MISSES;0.864929
e;main;0;0.899297;PAPI_L1_DCM;0.906425
e;main;0;0.900666;PAPI_TOT_CYC;0.900611
e;main;0;0.903404;LLC_MISSES;0.872632
e;main;0;0.904772;PAPI_L1_DCM;0.911604
e;main;0;0.906141;PAPI_TOT_CYC;0.906089
e;main;0;0.908879;LLC_MISSES;0.876576
e;main;0;0.910248;PAPI_L1_DCM;0.916424
e;main;0;0.911617;PAPI_TOT_CYC;0.911568
e;main;0;0.914354;LLC_MISSES;0.878007
e;main;0;0.915723;PAPI_L1_DCM;0.921257
e;main;0;0.917092;PAPI_TOT_CYC;0.917046
e;main;0;0.91983;LLC_MISSES;0.882559
e;main;0;0.921199;PAPI_L1_DCM;0.926174
e;main;0;0.922567;PAPI_TOT_CYC;0.922524
e;main;0;0.925305;LLC_MISSES;0.885204
e;main;0;0.926674;PAPI_L1_DCM;0.931238
e;main;0;0.928043;PAPI_TOT_CYC;0.928003
e;main;0;0.930781;LLC_MISSES;0.888165
e;main;0;0.93215;PAPI_L1_DCM;0.936206
e;main;0;0.933519;PAPI_TOT_CYC;0.933482
e;main;0;0.936256;LLC_MISSES;0.890649
e;main;0;0.937625;PAPI_L1_DCM;0.941093
e;main;0;0.938994;PAPI_TOT_CYC;0.93896
e;main;0;0.941732;LLC_MISSES;0.895802
e;main;0;0.943101;PAPI_L1_DCM;0.946209
e;main;0;0.944469;PAPI_TOT_CYC;0.944438
e;main;0;0.947207;LLC_MISSES;0.897724
e;main;0;0.948576;PAPI_L1_DCM;0.950997
e;main;0;0.949945;PAPI_TOT_CYC;0.949916
e;main;0;0.952682;LLC_MISSES;0.898645
e;main;0;0.954051;PAPI_L1_DCM;0.955936
e;main;0;0.95542;PAPI_TOT_CYC;0.955395
e;main;0;0.958158;LLC_MISSES;0.899613
e;main;0;0.959527;PAPI_L1_DCM;0.960967
e;main;0;0.960896;PAPI_TOT_CYC;0.960873
e;main;0;0.963633;LLC_MISSES;0.902154
e;main;0;0.965002;PAPI_L1_DCM;0.966224
e;main;0;0.966371;PAPI_TOT_CYC;0.966352
e;main;0;0.969109;LLC_MISSES;0.903854
e;main;0;0.970477;PAPI_L1_DCM;0.971167
e;main;0;0.971846;PAPI_TOT_CYC;0.97183
e;main;0;0.974584;LLC_MISSES;0.904629
e;main;0;0.975953;PAPI_L1_DCM;0.976136
e;main;0;0.977322;PAPI_TOT_CYC;0.977309
e;main;0;0.980059;LLC_MISSES;0.906268
e;main;0;0.981428;PAPI_L1_DCM;0.981032
e;main;0;0.982797;PAPI_TOT_CYC;0.982787
e;main;0;0.985535;LLC_MISSES;0.907892
e;main;0;0.986904;PAPI_L1_DCM;0.986258
e;main;0;0.988273;PAPI_TOT_CYC;0.988266
e;main;0;0.99101;LLC_MISSES;0.909347
e;main;0;0.992379;PAPI_L1_DCM;0.991893
e;main;0;0.993748;PAPI_TOT_CYC;0.993744
e;main;0;0.996486;LLC_MISSES;0.909526
e;main;0;0.997854;PAPI_L1_DCM;0.997916
e;main;0;0.999223;PAPI_TOT_CYC;0.999223
e;main;0;0.00257376;LLC_MISSES;0.00433825
e;main;0;0.00393751;PAPI_L1_DCM;0.00446864
e;main;0;0.00530126;PAPI_TOT_CYC;0.00530166
e;main;0;0.00802877;LLC_MISSES;0.00674631
e;main;0;0.00939251;PAPI_L1_DCM;0.0104085
e;main;0;0.0107562;PAPI_TOT_CYC;0.0107584
e;main;0;0.0134837;LLC_MISSES;0.00814275
e;main;0;0.0148474;PAPI_L1_DCM;0.0164836
e;main;0;0.0162112;PAPI_TOT_CYC;0.016215
e;main;0;0.0189387;LLC_MISSES;0.00981846
e;main;0;0.0203025;PAPI_L1_DCM;0.0222867
e;main;0;0.0216662;PAPI_TOT_CYC;0.0216718
e;main;0;0.0243937;LLC_MISSES;0.0111218
e;main;0;0.0257575;PAPI_L1_DCM;0.0282126
e;main;0;0.0271212;PAPI_TOT_CYC;0.0271286
e;main;0;0.0298487;LLC_MISSES;0.0126362
e;main;0;0.0312124;PAPI_L1_DCM;0.0341292
e;main;0;0.0325762;PAPI_TOT_CYC;0.0325854
e;main;0;0.0353037;LLC_MISSES;0.0146718
e;main;0;0.0366674;PAPI_L1_DCM;0.040046
e;main;0;0.0380312;PAPI_TOT_CYC;0.0380422
e;main;0;0.0407587;LLC_MISSES;0.0173344
e;main;0;0.0421224;PAPI_L1_DCM;0.0459757
e;main;0;0.0434862;PAPI_TOT_CYC;0.0434986
e;main;0;0.0462137;LLC_MISSES;0.0180481
e;main;0;0.0475774;PAPI_L1_DCM;0.0519478
e;main;0;0.0489412;PAPI_TOT_CYC;0.0489554
e;main;0;0.0516687;LLC_MISSES;0.0217099
e;main;0;0.0530324;PAPI_L1_DCM;0.0574907
e;main;0;0.0543962;PAPI_TOT_CYC;0.0544121
e;main;0;0.0571236;LLC_MISSES;0.0351963
e;main;0;0.0584874;PAPI_L1_DCM;0.0622552
e;main;0;0.0598511;PAPI_TOT_CYC;0.0598686
e;main;0;0.0625787;LLC_MISSES;0.0407944
e;main;0;0.0639424;PAPI_L1_DCM;0.0667744
e;main;0;0.0653062;PAPI_TOT_CYC;0.0653252
e;main;0;0.0680337;LLC_MISSES;0.0447541
e;main;0;0.0693975;PAPI_L1_DCM;0.0713192
e;main;0;0.0707613;PAPI_TOT_CYC;0.0707818
e;main;0;0.0734888;LLC_MISSES;0.0489247
e;main;0;0.0748526;PAPI_L1_DCM;0.0759422
e;main;0;0.0762163;PAPI_TOT_CYC;0.0762384
e;main;0;0.0789439;LLC_MISSES;0.0521458
e;main;0;0.0803077;PAPI_L1_DCM;0.0806275
e;main;0;0.0816714;PAPI_TOT_CYC;0.0816949
e;main;0;0.0843992;LLC_MISSES;0.0559566
e;main;0;0.085763;PAPI_L1_DCM;0.0853697
e;main;0;0.0871267;PAPI_TOT_CYC;0.0871517
e;main;0;0.0898542;LLC_MISSES;0.0623243
e;main;0;0.0912179;PAPI_L1_DCM;0.0898617
e;main;0;0.0925817;PAPI_TOT_CYC;0.0926083
e;main;0;0.0953092;LLC_MISSES;0.0656385
e;main;0;0.096673;PAPI_L1_DCM;0.0947356
e;main;0;0.0980367;PAPI_TOT_CYC;0.0980649
e;main;0;0.100764;LLC_MISSES;0.06791
e;main;0;0.102128;PAPI_L1_DCM;0.099174
e;main;0;0.103492;PAPI_TOT_CYC;0.103521
e;main;0;0.106219;LLC_MISSES;0.0696912
e;main;0;0.107583;PAPI_L1_DCM;0.103617
e;main;0;0.108947;PAPI_TOT_CYC;0.108976
e;main;0;0.111674;LLC_MISSES;0.0708022
e;main;0;0.113038;PAPI_L1_DCM;0.108303
e;main;0;0.114402;PAPI_TOT_CYC;0.114432
e;main;0;0.11713;LLC_MISSES;0.0748301
e;main;0;0.118493;PAPI_L1_DCM;0.113115
e;main;0;0.119857;PAPI_TOT_CYC;0.119889
e;main;0;0.122585;LLC_MISSES;0.0818433
e;main;0;0.123948;PAPI_L1_DCM;0.11793
e;main;0;0.125312;PAPI_TOT_CYC;0.125346
e;main;0;0.12804;LLC_MISSES;0.0840155
e;main;0;0.129403;PAPI_L1_DCM;0.122477
e;main;0;0.130767;PAPI_TOT_CYC;0.130802
e;main;0;0.133495;LLC_MISSES;0.0856292
e;main;0;0.134859;PAPI_L1_DCM;0.126964
e;main;0;0.136222;PAPI_TOT_CYC;0.136259
e;main;0;0.13895;LLC_MISSES;0.0872304
e;main;0;0.140314;PAPI_L1_DCM;0.131714
e;main;0;0.141677;PAPI_TOT_CYC;0.141715
e;main;0;0.144405;LLC_MISSES;0.0934864
e;main;0;0.145769;PAPI_L1_DCM;0.136669
e;main;0;0.147132;PAPI_TOT_CYC;0.147172
e;main;0;0.14986;LLC_MISSES;0.0937595
e;main;0;0.151224;PAPI_L1_DCM;0.141979
e;main;0;0.152587;PAPI_TOT_CYC;0.152629
e;main;0;0.155315;LLC_MISSES;0.0941071
e;main;0;0.156679;PAPI_L1_DCM;0.147645
e;main;0;0.158043;PAPI_TOT_CYC;0.158085
e;main;0;0.16077;LLC_MISSES;0.199882
e;main;0;0.162134;PAPI_L1_DCM;0.154045
e;main;0;0.163498;PAPI_TOT_CYC;0.163542
e;main;0;0.166225;LLC_MISSES;0.201912
e;main;0;0.167589;PAPI_L1_DCM;0.160171
e;main;0;0.168953;PAPI_TOT_CYC;0.168999
e;main;0;0.17168;LLC_MISSES;0.203469
e;main;0;0.173044;PAPI_L1_DCM;0.16631
e;main;0;0.174408;PAPI_TOT_CYC;0.174456
e;main;0;0.177135;LLC_MISSES;0.20584
e;main;0;0.178499;PAPI_L1_DCM;0.172453
e;main;0;0.179863;PAPI_TOT_CYC;0.179913
e;main;0;0.182591;LLC_MISSES;0.208503
e;main;0;0.183955;PAPI_L1_DCM;0.178358
e;main;0;0.185318;PAPI_TOT_CYC;0.18537
e;main;0;0.188046;LLC_MISSES;0.210731
e;main;0;0.18941;PAPI_L1_DCM;0.184314
e;main;0;0.190773;PAPI_TOT_CYC;0.190826
e;main;0;0.193501;LLC_MISSES;0.211829
e;main;0;0.194865;PAPI_L1_DCM;0.190475
e;main;0;0.196228;PAPI_TOT_CYC;0.196283
e;main;0;0.198956;LLC_MISSES;0.213244
e;main;0;0.20032;PAPI_L1_DCM;0.196441
e;main;0;0.201684;PAPI_TOT_CYC;0.20174
e;main;0;0.204411;LLC_MISSES;0.215398
e;main;0;0.205775;PAPI_L1_DCM;0.202434
e;main;0;0.207139;PAPI_TOT_CYC;0.207197
e;main;0;0.209866;LLC_MISSES;0.216441
e;main;0;0.21123;PAPI_L1_DCM;0.208566
e;main;0;0.212594;PAPI_TOT_CYC;0.212654
e;main;0;0.215321;LLC_MISSES;0.21713
e;main;0;0.216685;PAPI_L1_DCM;0.214667
e;main;0;0.218049;PAPI_TOT_CYC;0.218111
e;main;0;0.220776;LLC_MISSES;0.218315
e;main;0;0.22214;PAPI_L1_DCM;0.220816
e;main;0;0.223504;PAPI_TOT_CYC;0.223568
e;main;0;0.226231;LLC_MISSES;0.220667
e;main;0;0.227595;PAPI_L1_DCM;0.22667
e;main;0;0.228959;PAPI_TOT_CYC;0.229025
e;main;0;0.231686;LLC_MISSES;0.227755
e;main;0;0.23305;PAPI_L1_DCM;0.232048
e;main;0;0.234414;PAPI_TOT_CYC;0.234481
e;main;0;0.237141;LLC_MISSES;0.232006
e;main;0;0.238505;PAPI_L1_DCM;0.237122
e;main;0;0.239869;PAPI_TOT_CYC;0.239938
e;main;0;0.242596;LLC_MISSES;0.234061
e;main;0;0.24396;PAPI_L1_DCM;0.242103
e;main;0;0.245324;PAPI_TOT_CYC;0.245394
e;main;0;0.248052;LLC_MISSES;0.236444
e;main;0;0.249415;PAPI_L1_DCM;0.246977
e;main;0;0.250779;PAPI_TOT_CYC;0.250851
e;main;0;0.253507;LLC_MISSES;0.239497
e;main;0;0.254871;PAPI_L1_DCM;0.252085
e;main;0;0.256234;PAPI_TOT_CYC;0.256307
e;main;0;0.258962;LLC_MISSES;0.241142
e;main;0;0.260326;PAPI_L1_DCM;0.25719
e;main;0;0.26169;PAPI_TOT_CYC;0.261764
e;main;0;0.264417;LLC_MISSES;0.243234
e;main;0;0.265781;PAPI_L1_DCM;0.262301
e;main;0;0.267145;PAPI_TOT_CYC;0.267221
e;main;0;0.269872;LLC_MISSES;0.246908
e;main;0;0.271236;PAPI_L1_DCM;0.26739
e;main;0;0.2726;PAPI_TOT_CYC;0.272678
e;main;0;0.275328;LLC_MISSES;0.250638
e;main;0;0.276691;PAPI_L1_DCM;0.272644
e;main;0;0.278055;PAPI_TOT_CYC;0.278135
e;main;0;0.280783;LLC_MISSES;0.252568
e;main;0;0.282146;PAPI_L1_DCM;0.277687
e;main;0;0.28351;PAPI_TOT_CYC;0.283591
e;main;0;0.286238;LLC_MISSES;0.25376
e;main;0;0.287602;PAPI_L1_DCM;0.282474
e;main;0;0.288965;PAPI_TOT_CYC;0.289048
e;main;0;0.291693;LLC_MISSES;0.255305
e;main;0;0.293057;PAPI_L1_DCM;0.287276
e;main;0;0.29442;PAPI_TOT_CYC;0.294505
e;main;0;0.297148;LLC_MISSES;0.256676
e;main;0;0.298512;PAPI_L1_DCM;0.292286
e;main;0;0.299875;PAPI_TOT_CYC;0.299962
e;main;0;0.302603;LLC_MISSES;0.258452
e;main;0;0.303967;PAPI_L1_DCM;0.297408
e;main;0;0.30533;PAPI_TOT_CYC;0.305418
e;main;0;0.308058;LLC_MISSES;0.261561
e;main;0;0.309422;PAPI_L1_DCM;0.302713
e;main;0;0.310786;PAPI_TOT_CYC;0.310875
e;main;0;0.313513;LLC_MISSES;0.264242
e;main;0;0.314877;PAPI_L1_DCM;0.307847
e;main;0;0.316241;PAPI_TOT_CYC;0.316331
e;main;0;0.318968;LLC_MISSES;0.26521
e;main;0;0.320332;PAPI_L1_DCM;0.312714
e;main;0;0.321696;PAPI_TOT_CYC;0.321788
e;main;0;0.324423;LLC_MISSES;0.266036
e;main;0;0.325787;PAPI_L1_DCM;0.317597
e;main;0;0.327151;PAPI_TOT_CYC;0.327245
e;main;0;0.329878;LLC_MISSES;0.267327
e;main;0;0.331242;PAPI_L1_DCM;0.322639
e;main;0;0.332606;PAPI_TOT_CYC;0.332702
e;main;0;0.335334;LLC_MISSES;0.268891
e;main;0;0.336697;PAPI_L1_DCM;0.327862
e;main;0;0.338061;PAPI_TOT_CYC;0.338158
e;main;0;0.340789;LLC_MISSES;0.271522
e;main;0;0.342152;PAPI_L1_DCM;0.33355
e;main;0;0.343516;PAPI_TOT_CYC;0.343615
e;main;0;0.346244;LLC_MISSES;0.27187
e;main;0;0.347608;PAPI_L1_DCM;0.339362
e;main;0;0.348971;PAPI_TOT_CYC;0.349071
e;main;0;0.351699;LLC_MISSES;0.272242
e;main;0;0.353063;PAPI_L1_DCM;0.345408
e;main;0;0.354426;PAPI_TOT_CYC;0.354528
e;main;0;0.357154;LLC_MISSES;0.371612
e;main;0;0.358518;PAPI_L1_DCM;0.351843
e;main;0;0.359882;PAPI_TOT_CYC;0.359973
e;main;0;0.362609;LLC_MISSES;0.372518
e;main;0;0.363973;PAPI_L1_DCM;0.357821
e;main;0;0.365337;PAPI_TOT_CYC;0.36543
e;main;0;0.368065;LLC_MISSES;0.373362
e;main;0;0.369428;PAPI_L1_DCM;0.363915
e;main;0;0.370792;PAPI_TOT_CYC;0.370886
e;main;0;0.37352;LLC_MISSES;0.374659
e;main;0;0.374884;PAPI_L1_DCM;0.36981
e;main;0;0.376247;PAPI_TOT_CYC;0.376343
e;main;0;0.378975;LLC_MISSES;0.375584
e;main;0;0.380339;PAPI_L1_DCM;0.375701
e;main;0;0.381702;PAPI_TOT_CYC;0.381798
e;main;0;0.38443;LLC_MISSES;0.376528
e;main;0;0.385794;PAPI_L1_DCM;0.381738
e;main;0;0.387157;PAPI_TOT_CYC;0.387255
e;main;0;0.389885;LLC_MISSES;0.377527
e;main;0;0.391249;PAPI_L1_DCM;0.387476
e;main;0;0.392613;PAPI_TOT_CYC;0.392592
e;main;0;0.39534;LLC_MISSES;0.378805
e;main;0;0.396704;PAPI_L1_DCM;0.393449
e;main;0;0.398068;PAPI_TOT_CYC;0.398049
e;main;0;0.400795;LLC_MISSES;0.379929
e;main;0;0.402159;PAPI_L1_DCM;0.399395
e;main;0;0.403523;PAPI_TOT_CYC;0.403506
e;main;0;0.40625;LLC_MISSES;0.380419
e;main;0;0.407614;PAPI_L1_DCM;0.405335
e;main;0;0.408978;PAPI_TOT_CYC;0.408963
e;main;0;0.411705;LLC_MISSES;0.387761
e;main;0;0.413069;PAPI_L1_DCM;0.410133
e;main;0;0.414433;PAPI_TOT_CYC;0.414419
e;main;0;0.41716;LLC_MISSES;0.393638
e;main;0;0.418524;PAPI_L1_DCM;0.414799
e;main;0;0.419888;PAPI_TOT_CYC;0.419876
e;main;0;0.422615;LLC_MISSES;0.396065
e;main;0;0.423979;PAPI_L1_DCM;0.419383
e;main;0;0.425343;PAPI_TOT_CYC;0.425333
e;main;0;0.428071;LLC_MISSES;0.399063
e;main;0;0.429434;PAPI_L1_DCM;0.424054
e;main;0;0.430798;PAPI_TOT_CYC;0.430789
e;main;0;0.433526;LLC_MISSES;0.402023
e;main;0;0.43489;PAPI_L1_DCM;0.42867
e;main;0;0.436253;PAPI_TOT_CYC;0.436246
e;main;0;0.438981;LLC_MISSES;0.404853
e;main;0;0.440345;PAPI_L1_DCM;0.433505
e;main;0;0.441709;PAPI_TOT_CYC;0.441703
e;main;0;0.444436;LLC_MISSES;0.411171
e;main;0;0.4458;PAPI_L1_DCM;0.438091
e;main;0;0.447164;PAPI_TOT_CYC;0.447159
e;main;0;0.449891;LLC_MISSES;0.415423
e;main;0;0.451255;PAPI_L1_DCM;0.442994
e;main;0;0.452619;PAPI_TOT_CYC;0.452615
e;main;0;0.455346;LLC_MISSES;0.416993
e;main;0;0.45671;PAPI_L1_DCM;0.447588
e;main;0;0.458075;PAPI_TOT_CYC;0.458072
e;main;0;0.460802;LLC_MISSES;0.418762
e;main;0;0.462166;PAPI_L1_DCM;0.452087
e;main;0;0.46353;PAPI_TOT_CYC;0.463529
e;main;0;0.466257;LLC_MISSES;0.419885
e;main;0;0.467621;PAPI_L1_DCM;0.456738
e;main;0;0.468985;PAPI_TOT_CYC;0.468985
e;main;0;0.471712;LLC_MISSES;0.42184
e;main;0;0.473076;PAPI_L1_DCM;0.461584
e;main;0;0.47444;PAPI_TOT_CYC;0.474442
e;main;0;0.477167;LLC_MISSES;0.425676
e;main;0;0.478531;PAPI_L1_DCM;0.466524
e;main;0;0.479895;PAPI_TOT_CYC;0.479898
e;main;0;0.482623;LLC_MISSES;0.42706
e;main;0;0.483986;PAPI_L1_DCM;0.471223
e;main;0;0.48535;PAPI_TOT_CYC;0.485355
e;main;0;0.488078;LLC_MISSES;0.428407
e;main;0;0.489441;PAPI_L1_DCM;0.475769
e;main;0;0.490805;PAPI_TOT_CYC;0.490812
e;main;0;0.493533;LLC_MISSES;0.42989
e;main;0;0.494897;PAPI_L1_DCM;0.480468
e;main;0;0.49626;PAPI_TOT_CYC;0.496268
e;main;0;0.498988;LLC_MISSES;0.432614
e;main;0;0.500352;PAPI_L1_DCM;0.485422
e;main;0;0.501716;PAPI_TOT_CYC;0.501725
e;main;0;0.504443;LLC_MISSES;0.433725
e;main;0;0.505807;PAPI_L1_DCM;0.49074
e;main;0;0.507171;PAPI_TOT_CYC;0.507181
e;main;0;0.509898;LLC_MISSES;0.434085
e;main;0;0.511262;PAPI_L1_DCM;0.496382
e;main;0;0.512626;PAPI_TOT_CYC;0.512638
e;main;0;0.515353;LLC_MISSES;0.532375
e;main;0;0.516717;PAPI_L1_DCM;0.50285
e;main;0;0.518081;PAPI_TOT_CYC;0.518094
e;main;0;0.520808;LLC_MISSES;0.533431
e;main;0;0.522172;PAPI_L1_DCM;0.509296
e;main;0;0.523536;PAPI_TOT_CYC;0.523551
e;main;0;0.526263;LLC_MISSES;0.533846
e;main;0;0.527627;PAPI_L1_DCM;0.515797
e;main;0;0.528991;PAPI_TOT_CYC;0.529008
e;main;0;0.531718;LLC_MISSES;0.53456
e;main;0;0.533082;PAPI_L1_DCM;0.522001
e;main;0;0.534446;PAPI_TOT_CYC;0.534465
e;main;0;0.537173;LLC_MISSES;0.53528
e;main;0;0.538537;PAPI_L1_DCM;0.528491
e;main;0;0.539901;PAPI_TOT_CYC;0.539922
e;main;0;0.542629;LLC_MISSES;0.536242
e;main;0;0.543992;PAPI_L1_DCM;0.534811
e;main;0;0.545356;PAPI_TOT_CYC;0.545379
e;main;0;0.548084;LLC_MISSES;0.537036
e;main;0;0.549447;PAPI_L1_DCM;0.5412
e;main;0;0.550811;PAPI_TOT_CYC;0.550836
e;main;0;0.553539;LLC_MISSES;0.537409
e;main;0;0.554903;PAPI_L1_DCM;0.547575
e;main;0;0.556266;PAPI_TOT_CYC;0.556293
e;main;0;0.558994;LLC_MISSES;0.537831
e;main;0;0.560358;PAPI_L1_DCM;0.554036
e;main;0;0.561721;PAPI_TOT_CYC;0.56175
e;main;0;0.564449;LLC_MISSES;0.543888
e;main;0;0.565813;PAPI_L1_DCM;0.559236
e;main;0;0.567176;PAPI_TOT_CYC;0.567206
e;main;0;0.569904;LLC_MISSES;0.549046
e;main;0;0.571268;PAPI_L1_DCM;0.564086
e;main;0;0.572631;PAPI_TOT_CYC;0.572663
e;main;0;0.575359;LLC_MISSES;0.550349
e;main;0;0.576723;PAPI_L1_DCM;0.568854
e;main;0;0.578086;PAPI_TOT_CYC;0.578119
e;main;0;0.580814;LLC_MISSES;0.552838
e;main;0;0.582178;PAPI_L1_DCM;0.573612
e;main;0;0.583542;PAPI_TOT_CYC;0.583576
e;main;0;0.586269;LLC_MISSES;0.557369
e;main;0;0.587633;PAPI_L1_DCM;0.578412
e;main;0;0.588997;PAPI_TOT_CYC;0.589032
e;main;0;0.591724;LLC_MISSES;0.561992
e;main;0;0.593088;PAPI_L1_DCM;0.583351
e;main;0;0.594452;PAPI_TOT_CYC;0.594489
e;main;0;0.597179;LLC_MISSES;0.565269
e;main;0;0.598543;PAPI_L1_DCM;0.588128
e;main;0;0.599907;PAPI_TOT_CYC;0.599945
e;main;0;0.602634;LLC_MISSES;0.568043
e;main;0;0.603998;PAPI_L1_DCM;0.59329
e;main;0;0.605362;PAPI_TOT_CYC;0.605402
e;main;0;0.608089;LLC_MISSES;0.569334
e;main;0;0.609453;PAPI_L1_DCM;0.59797
e;main;0;0.610817;PAPI_TOT_CYC;0.610859
e;main;0;0.613544;LLC_MISSES;0.570942
e;main;0;0.614908;PAPI_L1_DCM;0.602624
e;main;0;0.616272;PAPI_TOT_CYC;0.616315
e;main;0;0.619;LLC_MISSES;0.571823
e;main;0;0.620363;PAPI_L1_DCM;0.607497
e;main;0;0.621727;PAPI_TOT_CYC;0.621772
e;main;0;0.624455;LLC_MISSES;0.574771
e;main;0;0.625818;PAPI_L1_DCM;0.612594
e;main;0;0.627182;PAPI_TOT_CYC;0.627229
e;main;0;0.62991;LLC_MISSES;0.577272
e;main;0;0.631274;PAPI_L1_DCM;0.617597
e;main;0;0.632637;PAPI_TOT_CYC;0.632685
e;main;0;0.635365;LLC_MISSES;0.578085
e;main;0;0.636729;PAPI_L1_DCM;0.622349
e;main;0;0.638092;PAPI_TOT_CYC;0.638142
e;main;0;0.64082;LLC_MISSES;0.579289
e;main;0;0.642184;PAPI_L1_DCM;0.627096
e;main;0;0.643548;PAPI_TOT_CYC;0.643598
e;main;0;0.646275;LLC_MISSES;0.580934
e;main;0;0.647639;PAPI_L1_DCM;0.632162
e;main;0;0.649003;PAPI_TOT_CYC;0.649055
e;main;0;0.65173;LLC_MISSES;0.583826
e;main;0;0.653094;PAPI_L1_DCM;0.637488
e;main;0;0.654458;PAPI_TOT_CYC;0.654511
e;main;0;0.657186;LLC_MISSES;0.584062
e;main;0;0.658549;PAPI_L1_DCM;0.643251
e;main;0;0.659913;PAPI_TOT_CYC;0.659967
e;main;0;0.662641;LLC_MISSES;0.584205
e;main;0;0.664004;PAPI_L1_DCM;0.649663
e;main;0;0.665368;PAPI_TOT_CYC;0.665424
e;main;0;0.668096;LLC_MISSES;0.683705
e;main;0;0.669459;PAPI_L1_DCM;0.65615
e;main;0;0.670823;PAPI_TOT_CYC;0.670881
e;main;0;0.673551;LLC_MISSES;0.684369
e;main;0;0.674914;PAPI_L1_DCM;0.662558
e;main;0;0.676278;PAPI_TOT_CYC;0.676337
e;main;0;0.679006;LLC_MISSES;0.684959
e;main;0;0.68037;PAPI_L1_DCM;0.669129
e;main;0;0.681733;PAPI_TOT_CYC;0.681794
e;main;0;0.684461;LLC_MISSES;0.685517
e;main;0;0.685825;PAPI_L1_DCM;0.675381
e;main;0;0.687188;PAPI_TOT_CYC;0.687251
e;main;0;0.689916;LLC_MISSES;0.686051
e;main;0;0.69128;PAPI_L1_DCM;0.681653
e;main;0;0.692643;PAPI_TOT_CYC;0.692708
e;main;0;0.695371;LLC_MISSES;0.686318
e;main;0;0.696735;PAPI_L1_DCM;0.688108
e;main;0;0.698098;PAPI_TOT_CYC;0.698164
e;main;0;0.700826;LLC_MISSES;0.68679
e;main;0;0.70219;PAPI_L1_DCM;0.694471
e;main;0;0.703553;PAPI_TOT_CYC;0.703621
e;main;0;0.706281;LLC_MISSES;0.687311
e;main;0;0.707645;PAPI_L1_DCM;0.700746
e;main;0;0.709008;PAPI_TOT_CYC;0.709078
e;main;0;0.711736;LLC_MISSES;0.687652
e;main;0;0.7131;PAPI_L1_DCM;0.707195
e;main;0;0.714464;PAPI_TOT_CYC;0.714535
e;main;0;0.717191;LLC_MISSES;0.688137
e;main;0;0.718555;PAPI_L1_DCM;0.713619
e;main;0;0.719919;PAPI_TOT_CYC;0.719992
e;main;0;0.722646;LLC_MISSES;0.689843
e;main;0;0.72401;PAPI_L1_DCM;0.720114
e;main;0;0.725374;PAPI_TOT_CYC;0.725448
e;main;0;0.728101;LLC_MISSES;0.692407
e;main;0;0.729465;PAPI_L1_DCM;0.726267
e;main;0;0.730829;PAPI_TOT_CYC;0.730905
e;main;0;0.733556;LLC_MISSES;0.696621
e;main;0;0.73492;PAPI_L1_DCM;0.731851
e;main;0;0.736284;PAPI_TOT_CYC;0.736361
e;main;0;0.739011;LLC_MISSES;0.699289
e;main;0;0.740376;PAPI_L1_DCM;0.737135
e;main;0;0.741739;PAPI_TOT_CYC;0.741818
e;main;0;0.744467;LLC_MISSES;0.70032
e;main;0;0.745831;PAPI_L1_DCM;0.742449
e;main;0;0.747194;PAPI_TOT_CYC;0.747274
e;main;0;0.749922;LLC_MISSES;0.701853
e;main;0;0.751286;PAPI_L1_DCM;0.747571
e;main;0;0.752649;PAPI_TOT_CYC;0.752731
e;main;0;0.755377;LLC_MISSES;0.704894
e;main;0;0.756741;PAPI_L1_DCM;0.752975
e;main;0;0.758104;PAPI_TOT_CYC;0.758187
e;main;0;0.760832;LLC_MISSES;0.707302
e;main;0;0.762196;PAPI_L1_DCM;0.758397
e;main;0;0.76356;PAPI_TOT_CYC;0.763644
e;main;0;0.766287;LLC_MISSES;0.709331
e;main;0;0.767651;PAPI_L1_DCM;0.763876
e;main;0;0.769015;PAPI_TOT_CYC;0.769101
e;main;0;0.771742;LLC_MISSES;0.712143
e;main;0;0.773106;PAPI_L1_DCM;0.769179
e;main;0;0.77447;PAPI_TOT_CYC;0.774557
e;main;0;0.777197;LLC_MISSES;0.714061
e;main;0;0.778561;PAPI_L1_DCM;0.774745
e;main;0;0.779925;PAPI_TOT_CYC;0.780014
e;main;0;0.782652;LLC_MISSES;0.715283
e;main;0;0.784016;PAPI_L1_DCM;0.779773
e;main;0;0.78538;PAPI_TOT_CYC;0.78547
e;main;0;0.788107;LLC_MISSES;0.716276
e;main;0;0.789471;PAPI_L1_DCM;0.784801
e;main;0;0.790835;PAPI_TOT_CYC;0.790925
e;main;0;0.793563;LLC_MISSES;0.717977
e;main;0;0.794926;PAPI_L1_DCM;0.79005
e;main;0;0.79629;PAPI_TOT_CYC;0.796382
e;main;0;0.799018;LLC_MISSES;0.719311
e;main;0;0.800382;PAPI_L1_DCM;0.795396
e;main;0;0.801745;PAPI_TOT_CYC;0.801839
e;main;0;0.804473;LLC_MISSES;0.724133
e;main;0;0.805837;PAPI_L1_DCM;0.800957
e;main;0;0.8072;PAPI_TOT_CYC;0.807295
e;main;0;0.809928;LLC_MISSES;0.725989
e;main;0;0.811292;PAPI_L1_DCM;0.80652
e;main;0;0.812656;PAPI_TOT_CYC;0.812752
e;main;0;0.815383;LLC_MISSES;0.726976
e;main;0;0.816747;PAPI_L1_DCM;0.811717
e;main;0;0.818111;PAPI_TOT_CYC;0.818208
e;main;0;0.820838;LLC_MISSES;0.729148
e;main;0;0.822202;PAPI_L1_DCM;0.816902
e;main;0;0.823566;PAPI_TOT_CYC;0.823665
e;main;0;0.826293;LLC_MISSES;0.729986
e;main;0;0.827657;PAPI_L1_DCM;0.822082
e;main;0;0.829021;PAPI_TOT_CYC;0.829122
e;main;0;0.831749;LLC_MISSES;0.731109
e;main;0;0.833113;PAPI_L1_DCM;0.827574
e;main;0;0.834476;PAPI_TOT_CYC;0.834579
e;main;0;0.837204;LLC_MISSES;0.73402
e;main;0;0.838568;PAPI_L1_DCM;0.83347
e;main;0;0.839931;PAPI_TOT_CYC;0.840035
e;main;0;0.842659;LLC_MISSES;0.73425
e;main;0;0.844023;PAPI_L1_DCM;0.839592
e;main;0;0.845387;PAPI_TOT_CYC;0.845492
e;main;0;0.848114;LLC_MISSES;0.734486
e;main;0;0.849478;PAPI_L1_DCM;0.845995
e;main;0;0.850842;PAPI_TOT_CYC;0.850948
e;main;0;0.853569;LLC_MISSES;0.832223
e;main;0;0.854933;PAPI_L1_DCM;0.852954
e;main;0;0.856297;PAPI_TOT_CYC;0.856405
e;main;0;0.859024;LLC_MISSES;0.834743
e;main;0;0.860388;PAPI_L1_DCM;0.859561
e;main;0;0.861752;PAPI_TOT_CYC;0.861861
e;main;0;0.864479;LLC_MISSES;0.835922
e;main;0;0.865843;PAPI_L1_DCM;0.866301
e;main;0;0.867207;PAPI_TOT_CYC;0.867318
e;main;0;0.869934;LLC_MISSES;0.836692
e;main;0;0.871298;PAPI_L1_DCM;0.872734
e;main;0;0.872662;PAPI_TOT_CYC;0.872775
e;main;0;0.875389;LLC_MISSES;0.837356
e;main;0;0.876753;PAPI_L1_DCM;0.879446
e;main;0;0.878117;PAPI_TOT_CYC;0.878232
e;main;0;0.880844;LLC_MISSES;0.83861
e;main;0;0.882208;PAPI_L1_DCM;0.885959
e;main;0;0.883572;PAPI_TOT_CYC;0.883689
e;main;0;0.886299;LLC_MISSES;0.839472
e;main;0;0.887663;PAPI_L1_DCM;0.892562
e;main;0;0.889027;PAPI_TOT_CYC;0.889146
e;main;0;0.891754;LLC_MISSES;0.839975
e;main;0;0.893118;PAPI_L1_DCM;0.899141
e;main;0;0.894482;PAPI_TOT_CYC;0.894603
e;main;0;0.897209;LLC_MISSES;0.84049
e;main;0;0.898573;PAPI_L1_DCM;0.905818
e;main;0;0.899937;PAPI_TOT_CYC;0.900047
e;main;0;0.902665;LLC_MISSES;0.845462
e;main;0;0.904028;PAPI_L1_DCM;0.910879
e;main;0;0.905392;PAPI_TOT_CYC;0.905504
e;main;0;0.90812;LLC_MISSES;0.848223
e;main;0;0.909483;PAPI_L1_DCM;0.915751
e;main;0;0.910847;PAPI_TOT_CYC;0.910961
e;main;0;0.913575;LLC_MISSES;0.850588
e;main;0;0.914939;PAPI_L1_DCM;0.92064
e;main;0;0.916302;PAPI_TOT_CYC;0.916417
e;main;0;0.91903;LLC_MISSES;0.853927
e;main;0;0.920394;PAPI_L1_DCM;0.925575
e;main;0;0.921757;PAPI_TOT_CYC;0.921874
e;main;0;0.924485;LLC_MISSES;0.85546
e;main;0;0.925849;PAPI_L1_DCM;0.930463
e;main;0;0.927213;PAPI_TOT_CYC;0.927313
e;main;0;0.92994;LLC_MISSES;0.858756
e;main;0;0.931304;PAPI_L1_DCM;0.935511
e;main;0;0.932668;PAPI_TOT_CYC;0.93277
e;main;0;0.935395;LLC_MISSES;0.862628
e;main;0;0.936759;PAPI_L1_DCM;0.940334
e;main;0;0.938123;PAPI_TOT_CYC;0.938226
e;main;0;0.94085;LLC_MISSES;0.867507
e;main;0;0.942214;PAPI_L1_DCM;0.945475
e;main;0;0.943578;PAPI_TOT_CYC;0.943683
e;main;0;0.946305;LLC_MISSES;0.869679
e;main;0;0.947669;PAPI_L1_DCM;0.950086
e;main;0;0.949033;PAPI_TOT_CYC;0.949019
e;main;0;0.951761;LLC_MISSES;0.871597
e;main;0;0.953124;PAPI_L1_DCM;0.954909
e;main;0;0.954488;PAPI_TOT_CYC;0.954476
e;main;0;0.957216;LLC_MISSES;0.872782
e;main;0;0.958579;PAPI_L1_DCM;0.959929
e;main;0;0.959943;PAPI_TOT_CYC;0.959933
e;main;0;0.962671;LLC_MISSES;0.876369
e;main;0;0.964034;PAPI_L1_DCM;0.965131
e;main;0;0.965398;PAPI_TOT_CYC;0.965389
e;main;0;0.968126;LLC_MISSES;0.87879
e;main;0;0.969489;PAPI_L1_DCM;0.970173
e;main;0;0.970853;PAPI_TOT_CYC;0.970846
e;main;0;0.973581;LLC_MISSES;0.879516
e;main;0;0.974944;PAPI_L1_DCM;0.975088
e;main;0;0.976308;PAPI_TOT_CYC;0.976302
e;main;0;0.979036;LLC_MISSES;0.881272
e;main;0;0.980399;PAPI_L1_DCM;0.979933
e;main;0;0.981763;PAPI_TOT_CYC;0.981759
e;main;0;0.984491;LLC_MISSES;0.883463
e;main;0;0.985855;PAPI_L1_DCM;0.985065
e;main;0;0.987218;PAPI_TOT_CYC;0.987215
e;main;0;0.989946;LLC_MISSES;0.885393
e;main;0;0.99131;PAPI_L1_DCM;0.990744
e;main;0;0.992673;PAPI_TOT_CYC;0.992672
e;main;0;0.995401;LLC_MISSES;0.88741
e;main;0;0.996765;PAPI_L1_DCM;0.996727
e;main;0;0.998128;PAPI_TOT_CYC;0.998128
